name,date,startTime,endTime,venueId
Akasha,4/4/2024,23:00,5:00,1
Less Fear More Love,4/5/2024,23:59,,2
Francisco Allendes presents Canibales,4/5/2024,23:45,,3
OpenLab presents OffBeat,4/5/2024,23:00,,1
MTM | More Than Music,4/6/2024,23:59,,2
TRIP,4/6/2024,23:45,,3
Akasha,4/6/2024,23:00,5:00,1
Aftersun Ibiza at Ibiza Boat Club,4/6/2024,17:30,20:30,4
Playground Foundation,4/7/2024,12:00,,1
Less Fear More Love,4/12/2024,23:59,,2
Keep On Dancing,4/12/2024,23:45,,3
Akasha | TEN Ibiza,4/12/2024,23:00,,1
Touché Ibiza,4/13/2024,23:59,,2
TRIP,4/13/2024,23:45,,3
Akasha,4/13/2024,23:00,5:00,1
Aftersun Ibiza at Ibiza Boat Club,4/13/2024,17:30,20:30,4
Nido,4/14/2024,12:00,,1
A Day In Paradise Boat Trip,4/14/2024,12:00,17:00,5
Less Fear More Love,4/19/2024,23:59,,2
Poolside Sessions,4/19/2024,14:00,20:00,6
Club Chinois presents HUGEL,4/19/2024,23:45,,3
Akasha | One Tribe,4/19/2024,23:00,,1
Aftersun Ibiza at Ibiza Boat Club,4/19/2024,17:30,20:30,4
A Day In Paradise Boat Trip,4/19/2024,12:00,17:00,5
Game Over presents Jazzy Club X Velvet,4/20/2024,23:59,,2
Poolside Sessions,4/20/2024,14:00,20:00,6
TRIP,4/20/2024,23:45,,3
Akasha,4/20/2024,23:00,5:00,1
Es Paradis Opening Party,4/20/2024,23:59,6:00,7
Formentera With Benefits at Ibiza Boat Club,4/20/2024,10:30,21:00,4
Poolside Sessions,4/21/2024,14:00,20:00,6
Namasté,4/21/2024,12:00,,1
Aftersun Ibiza at Ibiza Boat Club,4/21/2024,17:30,20:30,4
A Day In Paradise Boat Trip,4/21/2024,12:00,17:00,5
UNUM Festival Launch Party,4/24/2024,23:45,,3
IMS Opening Party & Beatport Awards After Party,4/24/2024,21:00,,1
Armada Music x District VR x Mobilee present Progression,4/25/2024,23:45,,3
Southern Fried Records,4/25/2024,19:00,,1
Pyramid Special,4/26/2024,22:00,6:00,8
Pacha's Grand Opening Party,4/26/2024,23:59,6:00,9
International Music Summit IMS Grand Finale,4/26/2024,17:00,23:59,10
Space at Eden Opening Party,4/26/2024,21:00,,2
Poolside Sessions,4/26/2024,14:00,20:00,6
O Beach Soft Opening,4/26/2024,13:00,22:00,11
Official IMS Grand Finale After Party,4/26/2024,23:59,,3
Akasha | Oceanvs Orientalis presents Portrait Of The Obscure Album Tour,4/26/2024,23:00,5:00,1
UPS | Underground Party Series,4/26/2024,23:59,6:00,7
Formentera With Benefits at Ibiza Boat Club,4/26/2024,10:30,21:00,4
Hï Ibiza Opening Party 2024,4/27/2024,23:00,,12
Roger Sanchez,4/27/2024,23:59,6:00,9
Ushuaïa Opening Party 2024,4/27/2024,13:00,23:00,13
Poolside Sessions,4/27/2024,14:00,20:00,6
Poolside Sessions,4/27/2024,13:00,22:00,11
Akasha,4/27/2024,23:00,,1
ANOTR,4/28/2024,23:59,6:00,9
Poolside Sessions,4/28/2024,14:00,20:00,6
Paravana,4/28/2024,13:00,22:00,11
Club Chinois Grand Opening Party,4/28/2024,23:45,,3
Nido,4/28/2024,12:00,,1
Destino Grand Opening Party,4/28/2024,17:00,23:00,14
Playa Soleil Grand Opening Party,4/28/2024,18:00,,15
A Day In Paradise Boat Trip,4/28/2024,12:00,17:00,5
Poolside Sessions,4/29/2024,14:00,21:00,6
You Know The Vibes Opening Party,4/29/2024,23:45,6:00,7
Circoloco Opening Party,4/29/2024,16:00,,16
Deeperfect,4/30/2024,23:59,,2
Poolside Sessions,4/30/2024,14:00,20:00,6
Aftersun Ibiza at Ibiza Boat Club,4/30/2024,17:30,20:30,4
Through The Roof | Night One,5/1/2024,23:59,,2
Poolside Sessions,5/1/2024,14:00,20:00,6
Gala,5/1/2024,17:00,,1
Fuego Opening Party,5/1/2024,23:45,6:00,7
Oceanbeat Ibiza Boat Party,5/1/2024,14:30,17:30,4
Purple Disco Machine,5/2/2024,23:59,6:00,9
Through The Roof X ACLP | Night Two,5/2/2024,23:59,,2
Poolside Sessions,5/2/2024,14:00,20:00,6
BOHO | Reunion I,5/2/2024,23:45,,3
House of Zeus Opening Party,5/2/2024,23:45,6:00,7
Kölsch & Ida Engberg,5/3/2024,23:59,6:00,9
Space at Eden,5/3/2024,23:59,,2
Ibiza Anthems Opening Party,5/3/2024,14:00,20:00,6
O Beach Opening Party,5/3/2024,13:00,22:00,11
Club Chinois presents Patrice Bäumel,5/3/2024,23:45,,3
Super Sapiens presents In The Dark,5/3/2024,23:00,,1
Puro Reggaeton Opening Party,5/3/2024,23:45,7:30,7
Oceanbeat Ibiza Boat Party,5/3/2024,14:30,17:30,4
A Day In Paradise Boat Trip,5/3/2024,12:00,17:00,5
ANTS Opening Party | Night,5/4/2024,23:00,,12
Loco Dice,5/4/2024,23:59,6:00,9
ANTS Opening Party | Daytime,5/4/2024,15:00,23:00,13
MTM | More Than Music,5/4/2024,23:59,,2
Ibiza Rocks Opening Party,5/4/2024,14:00,21:00,6
Jack Your Body,5/4/2024,13:00,22:00,11
TRIP | Picnic,5/4/2024,23:45,,3
Akasha,5/4/2024,23:00,5:00,1
Fiesta del Agua Opening Party,5/4/2024,23:45,6:00,7
Oceanbeat Ibiza Boat Party,5/4/2024,14:30,17:30,4
Pukka Up Afternoon Boat Party,5/4/2024,14:00,17:00,5
Glitterbox Opening Party,5/5/2024,23:30,7:00,12
Franky Rizardo presents Flow,5/5/2024,23:59,6:00,9
Elation,5/5/2024,23:59,,2
Soundcloud Presents Pool Party,5/5/2024,14:00,21:00,6
SIN Sundays,5/5/2024,13:00,22:00,11
Cosmic Pineapple,5/5/2024,12:00,,1
All I Need,5/5/2024,18:00,,15
Oceanbeat Ibiza Boat Party,5/5/2024,14:30,17:30,4
A Day In Paradise Boat Trip,5/5/2024,12:00,17:00,5
Zazu,5/6/2024,23:59,,2
Ibiza Rocks Pool Party,5/6/2024,14:00,21:00,6
D4 D4NCE Opening Party,5/6/2024,13:00,22:00,11
You Know The Vibes,5/6/2024,23:45,6:00,7
Defected Opening Party,5/7/2024,15:00,23:00,13
1201 Events,5/7/2024,23:59,,2
Tom Zanetti Pool Party,5/7/2024,14:00,21:00,6
Kisstory Opening Party,5/7/2024,13:00,22:00,11
Bubbles Opening Party,5/7/2024,23:45,6:00,7
Aftersun Ibiza at Ibiza Boat Club,5/7/2024,17:30,20:30,4
Pukka Up Sunset Boat Party,5/7/2024,18:00,21:00,5
One Night Stand Opening Party,5/8/2024,23:59,,2
Poolside Sessions,5/8/2024,14:00,21:00,6
House In Paradise Opening Party,5/8/2024,13:00,22:00,11
Fuego,5/8/2024,23:45,6:00,7
Oceanbeat Ibiza Boat Party,5/8/2024,14:30,17:30,4
Pure Pacha Opening Party,5/9/2024,23:59,6:00,9
One More Time Ibiza | Seb Fontaine,5/9/2024,23:59,,2
Applebum Opening Party,5/9/2024,14:00,21:00,6
ON111 Opening Party,5/9/2024,13:00,22:00,11
House of Zeus,5/9/2024,23:45,6:00,7
Grand Opening Club,5/9/2024,23:59,5:00,17
Pukka Up Sunset Boat Party,5/9/2024,18:00,21:00,5
Ben Böhmer,5/10/2024,23:59,6:00,9
Space at Eden,5/10/2024,23:59,,2
Ibiza Anthems Pool Party,5/10/2024,14:00,21:00,6
Pool Party Opening Party,5/10/2024,13:00,22:00,11
Keep On Dancing,5/10/2024,23:45,,3
Akasha | Ordinary People,5/10/2024,23:00,5:00,1
Puro Reggaeton,5/10/2024,23:45,6:00,7
Opening Vintage,5/10/2024,23:59,5:00,17
Oceanbeat Ibiza Boat Party,5/10/2024,14:30,17:30,4
A Day In Paradise Boat Trip,5/10/2024,12:00,17:00,5
ANTS | Night,5/11/2024,23:00,,12
Amnesia Opening Party,5/11/2024,23:00,,8
Dixon,5/11/2024,23:59,6:00,9
ANTS | Daytime,5/11/2024,15:00,23:00,13
Utopia Ball,5/11/2024,23:59,,2
LoveJuice Opening Party,5/11/2024,14:00,21:00,6
Soul Heaven Opening Party,5/11/2024,13:00,22:00,11
TRIP,5/11/2024,23:45,,3
Akasha,5/11/2024,23:00,5:00,1
Fiesta del Agua,5/11/2024,23:45,6:00,7
Opening Pandora,5/11/2024,23:59,5:00,17
Oceanbeat Ibiza Boat Party,5/11/2024,14:30,17:30,4
Pukka Up Afternoon Boat Party,5/11/2024,14:00,17:00,5
Glitterbox,5/12/2024,23:30,7:00,12
Adriatique,5/12/2024,23:59,6:00,9
Elation,5/12/2024,23:59,,2
Soundcloud Presents Pool Party,5/12/2024,14:00,21:00,6
Boat Club,5/12/2024,13:00,22:00,11
Nido,5/12/2024,12:00,,1
Dance Africa Opening Party,5/12/2024,23:45,6:00,7
All I Need,5/12/2024,18:00,,15
Oceanbeat Ibiza Boat Party,5/12/2024,14:30,17:30,4
A Day In Paradise Boat Trip,5/12/2024,12:00,17:00,5
Zazu,5/13/2024,23:59,,2
Ibiza Rocks Pool Party,5/13/2024,14:00,21:00,6
D4 D4NCE,5/13/2024,13:00,22:00,11
You Know The Vibes,5/13/2024,23:45,6:00,7
Defected,5/14/2024,15:00,23:00,13
1201 Events,5/14/2024,23:59,,2
Tom Zanetti Pool Party,5/14/2024,14:00,21:00,6
Kisstory,5/14/2024,13:00,22:00,11
Bubbles,5/14/2024,23:45,6:00,7
Oceanbeat Ibiza Boat Party,5/14/2024,14:30,17:30,4
Pukka Up Sunset Boat Party,5/14/2024,18:00,21:00,5
WhoMadeWho,5/15/2024,23:59,6:00,9
Tomorrowland presents Dimitri Vegas & Like Mike Opening Party,5/15/2024,17:00,23:00,13
One Night Stand,5/15/2024,23:59,,2
Ibiza Rocks presents Next Gen Pool Party,5/15/2024,14:00,21:00,6
House In Paradise,5/15/2024,13:00,22:00,11
Fuego,5/15/2024,23:45,6:00,7
Opening Toy Room,5/15/2024,23:59,5:00,17
Oceanbeat Ibiza Boat Party,5/15/2024,14:30,17:30,4
Do Not Sleep,5/16/2024,23:00,,8
Pure Pacha,5/16/2024,23:59,6:00,9
One More Time Ibiza | Jonathan Ulysses,5/16/2024,23:59,,2
Applebum Pool Party,5/16/2024,14:00,21:00,6
ON111,5/16/2024,13:00,22:00,11
House of Zeus,5/16/2024,23:45,6:00,7
Opening Bâzâr by Sasson,5/16/2024,23:59,5:00,17
Pukka Up Sunset Boat Party,5/16/2024,18:00,21:00,5
Music On Opening Party,5/17/2024,23:59,7:00,9
Space at Eden,5/17/2024,23:59,,2
Ibiza Anthems Pool Party,5/17/2024,14:00,21:00,6
Pool Party | Cinomatic,5/17/2024,13:00,22:00,11
Slip Back In Time presents Old Skool Ibiza | The White Party,5/17/2024,22:00,6:00,7
Vintage,5/17/2024,23:59,5:00,17
Oceanbeat Ibiza Boat Party,5/17/2024,14:30,17:30,4
A Day In Paradise Boat Trip,5/17/2024,12:00,17:00,5
Black Coffee Opening Party,5/18/2024,23:30,7:00,12
Flower Power Opening Party,5/18/2024,23:59,6:00,9
ANTS,5/18/2024,15:00,23:00,13
Groove Odyssey,5/18/2024,23:59,,2
LoveJuice Pool Party,5/18/2024,14:00,21:00,6
Soul Heaven,5/18/2024,13:00,22:00,11
TRIP,5/18/2024,23:45,,3
Akasha,5/18/2024,23:00,5:00,1
Cova Santa Opening Party,5/18/2024,18:00,6:00,18
Fiesta del Agua,5/18/2024,23:45,6:00,7
Pandora,5/18/2024,23:59,5:00,17
Oceanbeat Ibiza Boat Party,5/18/2024,14:30,17:30,4
Pukka Up Afternoon Boat Party,5/18/2024,14:00,17:00,5
Glitterbox,5/19/2024,23:30,7:00,12
KEINEMUSIK,5/19/2024,23:59,6:00,9
Slip Back In Time presents Old Skool Ibiza | Peach,5/19/2024,23:59,,2
Soundcloud Presents Pool Party,5/19/2024,14:00,21:00,6
Kinky Malinki,5/19/2024,13:00,22:00,11
Ethereal,5/19/2024,12:00,,1
Ibiza Play About,5/19/2024,23:45,6:00,7
All I Need,5/19/2024,18:00,,15
Opening Travieso,5/19/2024,23:59,5:00,17
Oceanbeat Ibiza Boat Party,5/19/2024,14:30,17:30,4
A Day In Paradise Boat Trip,5/19/2024,12:00,17:00,5
Zazu,5/20/2024,23:59,,2
Ibiza Rocks Pool Party,5/20/2024,14:00,21:00,6
D4 D4NCE,5/20/2024,13:00,22:00,11
You Know The Vibes,5/20/2024,23:45,6:00,7
CAMELPHAT Opening Party,5/21/2024,23:59,6:00,9
Defected,5/21/2024,15:00,23:00,13
1201 Events,5/21/2024,23:59,,2
Craig David's TS5 Opening Party,5/21/2024,14:00,21:00,6
Kisstory,5/21/2024,13:00,22:00,11
Bubbles,5/21/2024,23:45,6:00,7
Oceanbeat Ibiza Boat Party,5/21/2024,14:30,17:30,4
Pukka Up Sunset Boat Party,5/21/2024,18:00,21:00,5
Saga Opening Party,5/22/2024,23:59,6:00,9
Tomorrowland presents Dimitri Vegas & Like Mike,5/22/2024,17:00,23:00,13
One Night Stand presents Ruckus24,5/22/2024,23:59,,2
Misfits Pool Party,5/22/2024,14:00,21:00,6
House In Paradise,5/22/2024,13:00,22:00,11
Fuego,5/22/2024,23:45,6:00,7
Toy Room,5/22/2024,23:59,5:00,17
Oceanbeat Ibiza Boat Party,5/22/2024,14:30,17:30,4
Do Not Sleep,5/23/2024,23:00,,8
Pure Pacha,5/23/2024,23:59,6:00,9
One More Time Ibiza | Slipmatt,5/23/2024,23:59,,2
Applebum Pool Party,5/23/2024,14:00,21:00,6
ON111,5/23/2024,13:00,22:00,11
Sven Väth presents Catharsis Opening Party,5/23/2024,19:00,5:00,1
Music On - Opening Party,5/23/2024,17:00,23:00,14
House of Zeus,5/23/2024,23:45,6:00,7
Bâzâr by Sasson,5/23/2024,23:59,5:00,17
Oceanbeat Ibiza Boat Party,5/23/2024,14:30,17:30,4
Pukka Up Sunset Boat Party,5/23/2024,18:00,21:00,5
Music On,5/24/2024,23:59,7:00,9
Space at Eden,5/24/2024,23:59,,2
Ibiza Anthems Pool Party,5/24/2024,14:00,21:00,6
Pool Party | Cinomatic,5/24/2024,13:00,22:00,11
Pablo Fierro presents We're Here Opening Party,5/24/2024,23:45,,3
Hernán Cattáneo,5/24/2024,19:00,5:00,1
Masaka Africana,5/24/2024,19:00,5:00,18
Puro Reggaeton,5/24/2024,23:45,6:00,7
Vintage,5/24/2024,23:59,5:00,17
Children of the 80s Opening Party,5/24/2024,19:00,23:59,19
Oceanbeat Ibiza Boat Party,5/24/2024,14:30,17:30,4
A Day In Paradise Boat Trip,5/24/2024,12:00,17:00,5
Black Coffee,5/25/2024,23:30,7:00,12
elrow Ibiza Opening Party | Rows Attacks!,5/25/2024,23:00,,8
Flower Power,5/25/2024,23:59,6:00,9
ANTS,5/25/2024,15:00,23:00,13
Peaches Opening Party,5/25/2024,23:59,,2
LoveJuice Pool Party,5/25/2024,14:00,21:00,6
KISS Dance Live,5/25/2024,13:00,22:00,11
TRIP,5/25/2024,23:45,,3
Akasha,5/25/2024,23:00,5:00,1
Zoo Project,5/25/2024,19:00,5:30,18
Fiesta del Agua,5/25/2024,23:45,6:00,7
Pandora,5/25/2024,23:59,5:00,17
Oceanbeat Ibiza Boat Party,5/25/2024,14:30,17:30,4
Pukka Up Afternoon Boat Party,5/25/2024,14:00,17:00,5
Glitterbox,5/26/2024,23:30,7:00,12
ABODE Opening Party,5/26/2024,23:59,,2
Soundcloud Presents Pool Party,5/26/2024,14:00,21:00,6
Ibiza Spray,5/26/2024,13:00,22:00,11
Woomoon Opening Party,5/26/2024,18:00,6:00,18
Dance Africa,5/26/2024,23:45,6:00,7
All I Need,5/26/2024,18:00,,15
Travieso,5/26/2024,23:59,5:00,17
Oceanbeat Ibiza Boat Party,5/26/2024,14:30,17:30,4
A Day In Paradise Boat Trip,5/26/2024,12:00,17:00,5
Diplo,5/27/2024,23:59,6:00,9
Zazu,5/27/2024,23:59,,2
Ibiza Rocks Pool Party,5/27/2024,14:00,21:00,6
D4 D4NCE,5/27/2024,13:00,22:00,11
You Know The Vibes,5/27/2024,23:45,6:00,7
Oceanbeat Ibiza Boat Party,5/27/2024,14:30,17:30,4
CAMELPHAT,5/28/2024,23:59,6:00,9
Defected,5/28/2024,15:00,23:00,13
1201 Events,5/28/2024,23:59,,2
Craig David's TS5 Pool Party,5/28/2024,14:00,21:00,6
Kisstory,5/28/2024,13:00,22:00,11
Bubbles,5/28/2024,23:45,6:00,7
Opening Blanche Ibiza,5/28/2024,23:59,5:00,17
Oceanbeat Ibiza Boat Party,5/28/2024,14:30,17:30,4
Pukka Up Sunset Boat Party,5/28/2024,18:00,21:00,5
Saga,5/29/2024,23:59,6:00,9
Tomorrowland presents Dimitri Vegas & Like Mike,5/29/2024,17:00,23:00,13
One Night Stand,5/29/2024,23:59,,2
Ibiza Rocks presents Next Gen Pool Party,5/29/2024,14:00,21:00,6
House In Paradise,5/29/2024,13:00,22:00,11
Fuego,5/29/2024,23:45,6:00,7
Toy Room,5/29/2024,23:59,5:00,17
Oceanbeat Ibiza Boat Party,5/29/2024,14:30,17:30,4
Do Not Sleep,5/30/2024,23:00,,8
Pure Pacha,5/30/2024,23:59,6:00,9
One More Time Ibiza | Binary Finary,5/30/2024,23:59,,2
Applebum Pool Party,5/30/2024,14:00,21:00,6
ON111,5/30/2024,13:00,22:00,11
House of Zeus,5/30/2024,23:45,6:00,7
Bâzâr by Sasson,5/30/2024,23:59,5:00,17
Oceanbeat Ibiza Boat Party,5/30/2024,14:30,17:30,4
Pukka Up Sunset Boat Party,5/30/2024,18:00,21:00,5
Meduza & James Hype present Our House,5/31/2024,23:30,,12
Music On,5/31/2024,23:59,7:00,9
Calvin Harris Opening Party,5/31/2024,17:00,23:00,13
Space at Eden,5/31/2024,23:59,,2
Ibiza Anthems Pool Party,5/31/2024,14:00,21:00,6
Pool Party | Cinomatic,5/31/2024,13:00,22:00,11
Pablo Fierro presents We're Here,5/31/2024,23:45,,3
Masaka Africana,5/31/2024,19:00,5:00,18
Puro Reggaeton,5/31/2024,23:45,6:00,7
Vintage,5/31/2024,23:59,5:00,17
Children of the 80s,5/31/2024,19:00,23:59,19
Oceanbeat Ibiza Boat Party,5/31/2024,14:30,17:30,4
A Day In Paradise Boat Trip,5/31/2024,12:00,17:00,5
Black Coffee,6/1/2024,23:30,7:00,12
elrow Ibiza | Brownx,6/1/2024,23:00,,8
Flower Power,6/1/2024,23:59,6:00,9
ANTS,6/1/2024,15:00,23:00,13
Peaches,6/1/2024,23:59,,2
LoveJuice Pool Party,6/1/2024,14:00,21:00,6
Soul Heaven,6/1/2024,13:00,22:00,11
TRIP,6/1/2024,23:45,,3
Fabuloso,6/1/2024,19:00,5:30,18
Fiesta del Agua,6/1/2024,23:45,6:00,7
Pandora,6/1/2024,23:59,5:00,17
Oceanbeat Ibiza Boat Party,6/1/2024,14:30,17:30,4
Pukka Up Afternoon Boat Party,6/1/2024,14:00,17:00,5
Glitterbox,6/2/2024,23:30,7:00,12
ABODE,6/2/2024,23:59,,2
Soundcloud Presents Pool Party,6/2/2024,14:00,21:00,6
SIN Sundays,6/2/2024,13:00,22:00,11
Nido,6/2/2024,23:00,,1
Woomoon,6/2/2024,18:00,6:00,18
Dance Africa,6/2/2024,23:45,6:00,7
All I Need,6/2/2024,18:00,,15
Travieso,6/2/2024,23:59,5:00,17
Oceanbeat Ibiza Boat Party,6/2/2024,14:30,17:30,4
A Day In Paradise Boat Trip,6/2/2024,12:00,17:00,5
Amnesia & Electric Ibiza present Ben Hemsley,6/3/2024,23:00,,8
David Guetta presents F*** ME I'M FAMOUS! Opening Party,6/3/2024,17:00,23:00,13
Zazu,6/3/2024,23:59,,2
Radio 1 Dance X Opening Party,6/3/2024,14:00,21:00,6
D4 D4NCE,6/3/2024,13:00,22:00,11
La Troya Opening Party,6/3/2024,23:45,,3
You Know The Vibes,6/3/2024,23:45,6:00,7
Oceanbeat Ibiza Boat Party,6/3/2024,14:30,17:30,4
CAMELPHAT,6/4/2024,23:59,6:00,9
Defected,6/4/2024,15:00,23:00,13
Outset Ibiza Opening Party,6/4/2024,23:59,,2
Ibiza Rocks Pool Party,6/4/2024,14:00,21:00,6
Kisstory,6/4/2024,13:00,22:00,11
PIV Ibiza,6/4/2024,19:00,5:30,18
Bubbles,6/4/2024,23:45,6:00,7
Blanche Ibiza,6/4/2024,23:59,5:00,17
Oceanbeat Ibiza Boat Party,6/4/2024,14:30,17:30,4
Pukka Up Sunset Boat Party,6/4/2024,18:00,21:00,5
FISHER Opening Party,6/5/2024,23:30,7:00,12
Do Not Sleep,6/5/2024,23:00,,8
Saga,6/5/2024,23:59,6:00,9
Tomorrowland presents Dimitri Vegas & Like Mike,6/5/2024,17:00,23:00,13
One Night Stand | Toffler X Moon,6/5/2024,23:59,,2
Ibiza Rocks presents Next Gen Pool Party,6/5/2024,14:00,21:00,6
House In Paradise,6/5/2024,13:00,22:00,11
Fuego,6/5/2024,23:45,6:00,7
Oceanbeat Ibiza Boat Party,6/5/2024,14:30,17:30,4
Bresh Opening Party,6/6/2024,23:59,,8
Pure Pacha,6/6/2024,23:59,6:00,9
One More Time Ibiza | K-Klass,6/6/2024,23:59,,2
Applebum Pool Party,6/6/2024,14:00,21:00,6
ON111,6/6/2024,13:00,22:00,11
Cosmic Pineapple,6/6/2024,19:00,5:00,18
House of Zeus,6/6/2024,23:45,6:00,7
Bâzâr by Sasson,6/6/2024,23:59,5:00,17
Oceanbeat Ibiza Boat Party,6/6/2024,14:30,17:30,4
Pukka Up Sunset Boat Party,6/6/2024,18:00,21:00,5
David Guetta & MORTEN present Future Rave Opening Party,6/7/2024,23:30,7:00,12
EXHALE & Mathame present NEO Opening Party,6/7/2024,23:00,,8
Music On,6/7/2024,23:59,7:00,9
Space at Eden,6/7/2024,23:59,,2
Ibiza Anthems Pool Party,6/7/2024,14:00,21:00,6
Pool Party | Cinomatic,6/7/2024,13:00,22:00,11
Pablo Fierro presents We're Here,6/7/2024,23:45,,3
Akasha | Slave To The Rhythm,6/7/2024,23:00,5:00,1
Masaka Africana,6/7/2024,19:00,5:00,18
Puro Reggaeton,6/7/2024,23:45,6:00,7
RUMORS,6/7/2024,18:00,,15
Vintage,6/7/2024,23:59,5:00,17
Children of the 80s,6/7/2024,19:00,23:59,19
Oceanbeat Ibiza Boat Party,6/7/2024,14:30,17:30,4
A Day In Paradise Boat Trip,6/7/2024,12:00,17:00,5
Black Coffee,6/8/2024,23:30,7:00,12
elrow Ibiza | Far Rowest,6/8/2024,23:00,,8
Flower Power,6/8/2024,23:59,6:00,9
ANTS | Paco Osuna's 50th Birthday,6/8/2024,15:00,23:00,13
Peaches,6/8/2024,23:59,,2
LoveJuice Pool Party,6/8/2024,14:00,21:00,6
Soul Heaven,6/8/2024,13:00,22:00,11
TRIP,6/8/2024,23:45,,3
UTOPIC,6/8/2024,19:00,6:00,18
Fiesta del Agua,6/8/2024,23:45,6:00,7
Pandora,6/8/2024,23:59,5:00,17
Oceanbeat Ibiza Boat Party,6/8/2024,14:30,17:30,4
Pukka Up Afternoon Boat Party,6/8/2024,14:00,17:00,5
Glitterbox,6/9/2024,23:30,7:00,12
Pyramid Opening Party,6/9/2024,23:00,,8
Calvin Harris | Special Edition,6/9/2024,17:00,23:00,13
ABODE,6/9/2024,23:59,,2
Soundcloud Presents Pool Party,6/9/2024,14:00,21:00,6
ACES,6/9/2024,13:00,22:00,11
Nido,6/9/2024,23:00,,1
Woomoon,6/9/2024,18:00,6:00,18
Dance Africa,6/9/2024,23:45,6:00,7
All I Need,6/9/2024,18:00,,15
Travieso,6/9/2024,23:59,5:00,17
Oceanbeat Ibiza Boat Party,6/9/2024,14:30,17:30,4
A Day In Paradise Boat Trip,6/9/2024,12:00,17:00,5
David Guetta presents F*** ME I'M FAMOUS!,6/10/2024,17:00,23:00,13
Zazu,6/10/2024,23:59,,2
Radio 1 Dance X Pool Party,6/10/2024,14:00,21:00,6
D4 D4NCE,6/10/2024,13:00,22:00,11
La Troya,6/10/2024,23:45,,3
You Know The Vibes,6/10/2024,23:45,6:00,7
Oceanbeat Ibiza Boat Party,6/10/2024,14:30,17:30,4
Bizarrap,6/11/2024,23:59,,8
CAMELPHAT,6/11/2024,23:59,6:00,9
Defected,6/11/2024,15:00,23:00,13
Outset Ibiza,6/11/2024,23:59,,2
Ibiza Rocks Pool Party,6/11/2024,14:00,21:00,6
Kisstory,6/11/2024,13:00,22:00,11
Bubbles,6/11/2024,23:45,6:00,7
Blanche Ibiza,6/11/2024,23:59,5:00,17
Oceanbeat Ibiza Boat Party,6/11/2024,14:30,17:30,4
Pukka Up Sunset Boat Party,6/11/2024,18:00,21:00,5
FISHER,6/12/2024,23:30,7:00,12
Do Not Sleep,6/12/2024,23:00,,8
Saga,6/12/2024,23:59,6:00,9
Tomorrowland presents Dimitri Vegas & Like Mike,6/12/2024,17:00,23:00,13
One Night Stand,6/12/2024,23:59,,2
Ibiza Rocks presents Next Gen Pool Party,6/12/2024,14:00,21:00,6
House In Paradise,6/12/2024,13:00,22:00,11
Fuego,6/12/2024,23:45,6:00,7
Toy Room,6/12/2024,23:59,5:00,17
Oceanbeat Ibiza Boat Party,6/12/2024,14:30,17:30,4
Bresh,6/13/2024,23:59,,8
Pure Pacha,6/13/2024,23:59,6:00,9
One More Time Ibiza | Paul Oakenfold,6/13/2024,23:59,,2
D-Block Europe present DBE Festival,6/13/2024,14:00,21:00,6
ON111,6/13/2024,13:00,22:00,11
Lia Kali,6/13/2024,20:00,23:00,1
House of Zeus,6/13/2024,23:45,6:00,7
Bâzâr by Sasson,6/13/2024,23:59,5:00,17
Oceanbeat Ibiza Boat Party,6/13/2024,14:30,17:30,4
Pukka Up Sunset Boat Party,6/13/2024,18:00,21:00,5
David Guetta & MORTEN present Future Rave,6/14/2024,23:30,7:00,12
Mathame present NEO,6/14/2024,23:00,,8
Music On,6/14/2024,23:59,7:00,9
Calvin Harris,6/14/2024,17:00,23:00,13
Space at Eden,6/14/2024,23:59,,2
Ibiza Anthems Pool Party,6/14/2024,14:00,21:00,6
Pool Party | Cinomatic,6/14/2024,13:00,22:00,11
Pablo Fierro presents We're Here,6/14/2024,23:45,,3
Masaka Africana,6/14/2024,19:00,5:00,18
Puro Reggaeton,6/14/2024,23:45,6:00,7
RUMORS,6/14/2024,18:00,,15
Vintage,6/14/2024,23:59,5:00,17
Children of the 80s,6/14/2024,19:00,23:59,19
Oceanbeat Ibiza Boat Party,6/14/2024,14:30,17:30,4
A Day In Paradise Boat Trip,6/14/2024,12:00,17:00,5
Black Coffee,6/15/2024,23:30,7:00,12
elrow Ibiza | Growenlandia,6/15/2024,23:00,,8
Flower Power,6/15/2024,23:59,6:00,9
ANTS,6/15/2024,15:00,23:00,13
Peaches,6/15/2024,23:59,,2
LoveJuice Pool Party,6/15/2024,14:00,21:00,6
Soul Heaven,6/15/2024,13:00,22:00,11
TRIP,6/15/2024,23:45,,3
Sacro by Mëstiza,6/15/2024,19:00,5:30,18
Fiesta del Agua,6/15/2024,23:45,6:00,7
Pandora,6/15/2024,23:59,5:00,17
Oceanbeat Ibiza Boat Party,6/15/2024,14:30,17:30,4
Pukka Up Afternoon Boat Party,6/15/2024,14:00,17:00,5
Glitterbox,6/16/2024,23:30,7:00,12
Pyramid,6/16/2024,23:00,,8
ABODE,6/16/2024,23:59,,2
Ben Hemsley Opening Party,6/16/2024,14:00,21:00,6
O Beach Birthday Party,6/16/2024,13:00,22:00,11
Franky Wah presents SHÈN Ibiza Opening Party,6/16/2024,23:45,6:00,3
Nido,6/16/2024,23:00,,1
Woomoon,6/16/2024,18:00,6:00,18
Dance Africa,6/16/2024,23:45,6:00,7
Palmarama,6/16/2024,18:00,,15
Travieso,6/16/2024,23:59,5:00,17
Oceanbeat Ibiza Boat Party,6/16/2024,14:30,17:30,4
A Day In Paradise Boat Trip,6/16/2024,12:00,17:00,5
Amnesia Presents Opening Party,6/17/2024,23:00,,8
Purple Disco Machine,6/17/2024,23:59,6:00,9
David Guetta presents F*** ME I'M FAMOUS!,6/17/2024,17:00,23:00,13
Worried About Henry Opening Party,6/17/2024,23:59,,2
Radio 1 Dance X Pool Party,6/17/2024,14:00,21:00,6
D4 D4NCE,6/17/2024,13:00,22:00,11
La Troya,6/17/2024,23:45,,3
You Know The Vibes,6/17/2024,23:45,6:00,7
Opening Nasty Beats,6/17/2024,23:59,5:00,17
Oceanbeat Ibiza Boat Party,6/17/2024,14:30,17:30,4
The Martinez Brothers Opening Party,6/18/2024,23:30,7:00,12
CAMELPHAT,6/18/2024,23:59,6:00,9
Defected,6/18/2024,15:00,23:00,13
Outset Ibiza,6/18/2024,23:59,,2
Ibiza Rocks Pool Party,6/18/2024,14:00,21:00,6
Kisstory,6/18/2024,13:00,22:00,11
PIV Ibiza,6/18/2024,19:00,5:30,18
Bubbles,6/18/2024,23:45,6:00,7
Blanche Ibiza,6/18/2024,23:59,5:00,17
Oceanbeat Ibiza Boat Party,6/18/2024,14:30,17:30,4
Pukka Up Sunset Boat Party,6/18/2024,18:00,21:00,5
Trick,6/19/2024,23:30,7:00,12
Paradise Opening Party,6/19/2024,21:00,6:00,8
Saga,6/19/2024,23:59,6:00,9
Tomorrowland presents Dimitri Vegas & Like Mike,6/19/2024,17:00,23:00,13
One Night Stand | Roots X Dias de Campo,6/19/2024,23:59,,2
Misfits Pool Party,6/19/2024,14:00,21:00,6
House In Paradise,6/19/2024,13:00,22:00,11
Fuego,6/19/2024,23:45,6:00,7
Toy Room,6/19/2024,23:59,5:00,17
Oceanbeat Ibiza Boat Party,6/19/2024,14:30,17:30,4
ZAMNA Ibiza,6/20/2024,23:00,,12
Bresh,6/20/2024,23:59,,8
Pure Pacha,6/20/2024,23:59,6:00,9
Martin Garrix Opening Party,6/20/2024,17:00,23:00,13
One More Time Ibiza | Tall Paul,6/20/2024,23:59,,2
Applebum Pool Party,6/20/2024,14:00,21:00,6
ON111,6/20/2024,13:00,22:00,11
BOHO Ibiza,6/20/2024,23:45,,3
Cosmic Pineapple,6/20/2024,19:00,5:00,18
Music On,6/20/2024,17:00,23:00,14
House of Zeus,6/20/2024,23:45,6:00,7
Bâzâr by Sasson,6/20/2024,23:59,5:00,17
Oceanbeat Ibiza Boat Party,6/20/2024,14:30,17:30,4
Pukka Up Sunset Boat Party,6/20/2024,18:00,21:00,5
David Guetta & MORTEN present Future Rave,6/21/2024,23:30,7:00,12
Mathame present NEO,6/21/2024,23:00,,8
Music On,6/21/2024,23:59,7:00,9
Calvin Harris,6/21/2024,17:00,23:00,13
Space at Eden,6/21/2024,23:59,,2
Ibiza Anthems Pool Party,6/21/2024,14:00,21:00,6
Pool Party | Cinomatic,6/21/2024,13:00,22:00,11
Pablo Fierro presents We're Here,6/21/2024,23:45,,3
Storytellers,6/21/2024,19:00,5:30,18
Puro Reggaeton,6/21/2024,23:45,6:00,7
RUMORS,6/21/2024,18:00,,15
Vintage,6/21/2024,23:59,5:00,17
Children of the 80s,6/21/2024,19:00,23:59,19
Oceanbeat Ibiza Boat Party,6/21/2024,14:30,17:30,4
A Day In Paradise Boat Trip,6/21/2024,12:00,17:00,5
Black Coffee,6/22/2024,23:30,7:00,12
elrow Ibiza | El Bowsque Encantado,6/22/2024,23:00,,8
Flower Power,6/22/2024,23:59,6:00,9
ANTS,6/22/2024,15:00,23:00,13
Peaches,6/22/2024,23:59,,2
LoveJuice Pool Party,6/22/2024,14:00,21:00,6
Soul Heaven,6/22/2024,13:00,22:00,11
TRIP,6/22/2024,23:45,,3
GOZO,6/22/2024,19:00,5:30,18
Fiesta del Agua,6/22/2024,23:45,6:00,7
Pandora,6/22/2024,23:59,5:00,17
Oceanbeat Ibiza Boat Party,6/22/2024,14:30,17:30,4
Pukka Up Afternoon Boat Party,6/22/2024,14:00,17:00,5
Glitterbox,6/23/2024,23:30,7:00,12
Pyramid,6/23/2024,23:00,,8
Solomun +1 Opening Party,6/23/2024,23:59,6:00,9
ABODE,6/23/2024,23:59,,2
Ben Hemsley Pool Party,6/23/2024,14:00,21:00,6
KISS Dance Live,6/23/2024,13:00,22:00,11
Franky Wah presents SHÈN Ibiza,6/23/2024,23:45,6:00,3
Nido,6/23/2024,23:00,,1
Woomoon,6/23/2024,18:00,6:00,18
Dance Africa,6/23/2024,23:45,6:00,7
Palmarama,6/23/2024,18:00,,15
Travieso,6/23/2024,23:59,5:00,17
Oceanbeat Ibiza Boat Party,6/23/2024,14:30,17:30,4
A Day In Paradise Boat Trip,6/23/2024,12:00,17:00,5
Eric Prydz presents [CELL] Opening Party,6/24/2024,23:30,7:00,12
Amnesia Presents,6/24/2024,23:00,,8
Diplo,6/24/2024,23:59,6:00,9
David Guetta presents F*** ME I'M FAMOUS!,6/24/2024,17:00,23:00,13
Worried About Henry,6/24/2024,23:59,,2
Radio 1 Dance X Pool Party,6/24/2024,14:00,21:00,6
D4 D4NCE,6/24/2024,13:00,22:00,11
La Troya,6/24/2024,23:45,,3
You Know The Vibes,6/24/2024,23:45,6:00,7
Nasty Beats,6/24/2024,23:59,5:00,17
Oceanbeat Ibiza Boat Party,6/24/2024,14:30,17:30,4
The Martinez Brothers,6/25/2024,23:30,7:00,12
The Masquerade by Claptone Opening Party,6/25/2024,23:00,,8
CAMELPHAT,6/25/2024,23:59,6:00,9
Defected,6/25/2024,15:00,23:00,13
Outset Ibiza | Slither,6/25/2024,23:59,,2
Ibiza Rocks Pool Party,6/25/2024,14:00,21:00,6
Kisstory,6/25/2024,13:00,22:00,11
Do Not Sleep,6/25/2024,19:00,5:00,18
Bubbles,6/25/2024,23:45,6:00,7
Blanche Ibiza,6/25/2024,23:59,5:00,17
Oceanbeat Ibiza Boat Party,6/25/2024,14:30,17:30,4
Pukka Up Sunset Boat Party,6/25/2024,18:00,21:00,5
Trick,6/26/2024,23:30,7:00,12
Paradise,6/26/2024,22:30,6:00,8
Saga,6/26/2024,23:59,6:00,9
Tomorrowland presents Dimitri Vegas & Like Mike,6/26/2024,17:00,23:00,13
One Night Stand | S.A.S.H. X Half Baked,6/26/2024,23:59,,2
Ibiza Rocks presents Next Gen Pool Party,6/26/2024,14:00,21:00,6
House In Paradise,6/26/2024,13:00,22:00,11
Fuego,6/26/2024,23:45,6:00,7
Toy Room,6/26/2024,23:59,5:00,17
Oceanbeat Ibiza Boat Party,6/26/2024,14:30,17:30,4
Tale Of Us present Afterlife Opening Party,6/27/2024,23:30,7:00,12
Bresh,6/27/2024,23:59,,8
Pure Pacha,6/27/2024,23:59,6:00,9
Martin Garrix,6/27/2024,17:00,23:00,13
One More Time Ibiza | Dave Pearce,6/27/2024,23:59,,2
Applebum Pool Party,6/27/2024,14:00,21:00,6
ON111,6/27/2024,13:00,22:00,11
House of Zeus,6/27/2024,23:45,6:00,7
Bâzâr by Sasson,6/27/2024,23:59,5:00,17
Oceanbeat Ibiza Boat Party,6/27/2024,14:30,17:30,4
Pukka Up Sunset Boat Party,6/27/2024,18:00,21:00,5
David Guetta & MORTEN present Future Rave,6/28/2024,23:30,7:00,12
Mathame present NEO,6/28/2024,23:00,,8
Music On,6/28/2024,23:59,7:00,9
Calvin Harris,6/28/2024,17:00,23:00,13
Space at Eden,6/28/2024,23:59,,2
Ibiza Anthems Pool Party,6/28/2024,14:00,21:00,6
Pool Party | Cinomatic,6/28/2024,13:00,22:00,11
Pablo Fierro presents We're Here,6/28/2024,23:45,,3
Storytellers,6/28/2024,19:00,5:30,18
Puro Reggaeton,6/28/2024,23:45,6:00,7
RUMORS,6/28/2024,18:00,,15
Vintage,6/28/2024,23:59,5:00,17
Children of the 80s,6/28/2024,19:00,23:59,19
Oceanbeat Ibiza Boat Party,6/28/2024,14:30,17:30,4
A Day In Paradise Boat Trip,6/28/2024,12:00,17:00,5
Black Coffee,6/29/2024,23:30,7:00,12
elrow Ibiza | Rowlympic Games,6/29/2024,23:00,,8
Flower Power,6/29/2024,23:59,6:00,9
ANTS,6/29/2024,15:00,23:00,13
Peaches,6/29/2024,23:59,,2
LoveJuice Pool Party,6/29/2024,14:00,21:00,6
Soul Heaven,6/29/2024,13:00,22:00,11
TRIP,6/29/2024,23:45,,3
Sacro by Mëstiza,6/29/2024,19:00,5:30,18
Fiesta del Agua,6/29/2024,23:45,6:00,7
Pandora,6/29/2024,23:59,5:00,17
Oceanbeat Ibiza Boat Party,6/29/2024,14:30,17:30,4
Pukka Up Afternoon Boat Party,6/29/2024,14:00,17:00,5
Glitterbox,6/30/2024,23:30,7:00,12
Pyramid,6/30/2024,23:00,,8
Solomun +1,6/30/2024,23:59,6:00,9
ABODE,6/30/2024,23:59,,2
Ben Hemsley Pool Party,6/30/2024,14:00,21:00,6
Ibiza Spray,6/30/2024,13:00,22:00,11
Franky Wah presents SHÈN Ibiza,6/30/2024,23:45,6:00,3
Nido,6/30/2024,23:00,,1
Woomoon,6/30/2024,18:00,6:00,18
Dance Africa,6/30/2024,23:45,6:00,7
Palmarama,6/30/2024,18:00,,15
Travieso,6/30/2024,23:59,5:00,17
Oceanbeat Ibiza Boat Party,6/30/2024,14:30,17:30,4
A Day In Paradise Boat Trip,6/30/2024,12:00,17:00,5
Eric Prydz presents [CELL],7/1/2024,23:30,7:00,12
Amnesia Presents,7/1/2024,23:00,,8
Anitta,7/1/2024,23:59,6:00,9
David Guetta presents F*** ME I'M FAMOUS!,7/1/2024,17:00,23:00,13
Worried About Henry,7/1/2024,23:59,,2
Radio 1 Dance X Pool Party,7/1/2024,14:00,21:00,6
D4 D4NCE,7/1/2024,13:00,23:00,11
La Troya,7/1/2024,23:45,,3
You Know The Vibes,7/1/2024,23:45,6:00,7
Nasty Beats,7/1/2024,23:59,5:00,17
Oceanbeat Ibiza Boat Party,7/1/2024,14:30,17:30,4
The Martinez Brothers,7/2/2024,23:30,7:00,12
The Masquerade by Claptone,7/2/2024,23:00,,8
CAMELPHAT,7/2/2024,23:59,6:00,9
Defected,7/2/2024,15:00,23:00,13
Outset Ibiza,7/2/2024,23:59,,2
Ibiza Rocks Pool Party,7/2/2024,14:00,21:00,6
Kisstory,7/2/2024,13:00,23:00,11
PIV Ibiza,7/2/2024,19:00,5:30,18
Bubbles,7/2/2024,23:45,6:00,7
Blanche Ibiza,7/2/2024,23:59,5:00,17
Oceanbeat Ibiza Boat Party,7/2/2024,14:30,17:30,4
Pukka Up Sunset Boat Party,7/2/2024,18:00,21:00,5
Trick,7/3/2024,23:30,7:00,12
Paradise,7/3/2024,22:30,6:00,8
Saga,7/3/2024,23:59,6:00,9
Tomorrowland presents Dimitri Vegas & Like Mike,7/3/2024,17:00,23:00,13
One Night Stand presents Animal Crossing,7/3/2024,23:59,,2
Joel Corry Opening Party,7/3/2024,14:00,21:00,6
House In Paradise,7/3/2024,13:00,23:00,11
Fuego,7/3/2024,23:45,6:00,7
Toy Room,7/3/2024,23:59,5:00,17
Oceanbeat Ibiza Boat Party,7/3/2024,14:30,17:30,4
Tale Of Us present Afterlife,7/4/2024,23:30,7:00,12
Bresh,7/4/2024,23:59,,8
Pure Pacha,7/4/2024,23:59,6:00,9
Martin Garrix,7/4/2024,17:00,23:00,13
SHINE Ibiza Opening Party,7/4/2024,23:59,,2
Applebum Pool Party,7/4/2024,14:00,21:00,6
ON111,7/4/2024,13:00,23:00,11
BOHO Ibiza,7/4/2024,23:45,,3
Sven Väth presents Catharsis,7/4/2024,19:00,5:00,1
Cosmic Pineapple,7/4/2024,19:00,5:00,18
Music On,7/4/2024,17:00,23:00,14
House of Zeus,7/4/2024,23:45,6:00,7
Bâzâr by Sasson,7/4/2024,23:59,5:00,17
Oceanbeat Ibiza Boat Party,7/4/2024,14:30,17:30,4
Pukka Up Sunset Boat Party,7/4/2024,18:00,21:00,5
David Guetta & MORTEN present Future Rave,7/5/2024,23:30,7:00,12
Mathame present NEO,7/5/2024,23:00,,8
Music On,7/5/2024,23:59,7:00,9
Calvin Harris,7/5/2024,17:00,23:00,13
Space at Eden,7/5/2024,23:59,,2
Ibiza Anthems Pool Party,7/5/2024,14:00,21:00,6
Pool Party | Cinomatic,7/5/2024,13:00,23:00,11
Pablo Fierro presents We're Here,7/5/2024,23:45,,3
Storytellers,7/5/2024,19:00,5:30,18
Puro Reggaeton,7/5/2024,23:45,6:00,7
RUMORS,7/5/2024,18:00,,15
Vintage,7/5/2024,23:59,5:00,17
Children of the 80s,7/5/2024,19:00,23:59,19
Oceanbeat Ibiza Boat Party,7/5/2024,14:30,17:30,4
A Day In Paradise Boat Trip,7/5/2024,12:00,17:00,5
Black Coffee,7/6/2024,23:30,7:00,12
elrow Ibiza | Nowmads New World,7/6/2024,23:00,,8
Flower Power,7/6/2024,23:59,6:00,9
ANTS,7/6/2024,15:00,23:00,13
Peaches,7/6/2024,23:59,,2
LoveJuice Pool Party,7/6/2024,14:00,21:00,6
Soul Heaven,7/6/2024,13:00,23:00,11
TRIP,7/6/2024,23:45,,3
Fabuloso,7/6/2024,19:00,5:30,18
Fiesta del Agua,7/6/2024,23:45,6:00,7
Pandora,7/6/2024,23:59,5:00,17
Oceanbeat Ibiza Boat Party,7/6/2024,14:30,17:30,4
Pukka Up Afternoon Boat Party,7/6/2024,14:00,17:00,5
Glitterbox,7/7/2024,23:30,7:00,12
Pyramid,7/7/2024,23:00,,8
Solomun +1,7/7/2024,23:59,6:00,9
ABODE,7/7/2024,23:59,,2
Ben Hemsley Pool Party,7/7/2024,14:00,21:00,6
SIN Sundays,7/7/2024,13:00,23:00,11
Franky Wah presents SHÈN Ibiza,7/7/2024,23:45,6:00,3
Woomoon,7/7/2024,19:00,6:00,18
Dance Africa,7/7/2024,23:45,6:00,7
Palmarama,7/7/2024,18:00,,15
Oceanbeat Ibiza Boat Party,7/7/2024,14:30,17:30,4
A Day In Paradise Boat Trip,7/7/2024,12:00,17:00,5
Eric Prydz presents [CELL],7/8/2024,23:30,7:00,12
Amnesia Presents,7/8/2024,23:00,,8
Anitta,7/8/2024,23:59,6:00,9
David Guetta presents F*** ME I'M FAMOUS!,7/8/2024,17:00,23:00,13
Worried About Henry,7/8/2024,23:59,,2
Radio 1 Dance X Pool Party,7/8/2024,14:00,21:00,6
D4 D4NCE,7/8/2024,13:00,23:00,11
La Troya,7/8/2024,23:45,,3
You Know The Vibes,7/8/2024,23:45,6:00,7
Nasty Beats,7/8/2024,23:59,5:00,17
Oceanbeat Ibiza Boat Party,7/8/2024,14:30,17:30,4
The Martinez Brothers,7/9/2024,23:30,7:00,12
The Masquerade by Claptone,7/9/2024,23:00,,8
CAMELPHAT,7/9/2024,23:59,6:00,9
Defected,7/9/2024,15:00,23:00,13
Outset Ibiza,7/9/2024,23:59,,2
Ibiza Rocks Pool Party,7/9/2024,14:00,21:00,6
Kisstory,7/9/2024,13:00,23:00,11
Do Not Sleep,7/9/2024,19:00,5:00,18
Bubbles,7/9/2024,23:45,6:00,7
Blanche Ibiza,7/9/2024,23:59,5:00,17
Oceanbeat Ibiza Boat Party,7/9/2024,14:30,17:30,4
Pukka Up Sunset Boat Party,7/9/2024,18:00,21:00,5
Trick,7/10/2024,23:30,7:00,12
Paradise,7/10/2024,22:30,6:00,8
Saga,7/10/2024,23:59,6:00,9
Tomorrowland presents Dimitri Vegas & Like Mike,7/10/2024,17:00,23:00,13
One Night Stand,7/10/2024,23:59,,2
Joel Corry Pool Party,7/10/2024,14:00,21:00,6
House In Paradise,7/10/2024,13:00,23:00,11
Fuego,7/10/2024,23:45,6:00,7
Toy Room,7/10/2024,23:59,5:00,17
Oceanbeat Ibiza Boat Party,7/10/2024,14:30,17:30,4
Tale Of Us present Afterlife,7/11/2024,23:30,7:00,12
Bresh,7/11/2024,23:59,,8
Pure Pacha,7/11/2024,23:59,6:00,9
Martin Garrix,7/11/2024,17:00,23:00,13
SHINE Ibiza,7/11/2024,23:59,,2
D-Block Europe present DBE Festival,7/11/2024,14:00,21:00,6
ON111,7/11/2024,13:00,23:00,11
FRANCIS MERCIER PRESENTS: DEEP ROOT TRIBE,7/11/2024,19:00,5:30,18
Music On,7/11/2024,17:00,23:00,14
House of Zeus,7/11/2024,23:45,6:00,7
Bâzâr by Sasson,7/11/2024,23:59,5:00,17
Oceanbeat Ibiza Boat Party,7/11/2024,14:30,17:30,4
Pukka Up Sunset Boat Party,7/11/2024,18:00,21:00,5
David Guetta & MORTEN present Future Rave,7/12/2024,23:30,7:00,12
Music On,7/12/2024,23:59,7:00,9
Calvin Harris,7/12/2024,17:00,23:00,13
Space at Eden,7/12/2024,23:59,,2
Ibiza Anthems Pool Party,7/12/2024,14:00,21:00,6
Pool Party | Cinomatic,7/12/2024,13:00,23:00,11
Pablo Fierro presents We're Here,7/12/2024,23:45,,3
Storytellers,7/12/2024,19:00,5:30,18
Puro Reggaeton,7/12/2024,23:45,6:00,7
RUMORS,7/12/2024,18:00,,15
Vintage,7/12/2024,23:59,5:00,17
Children of the 80s,7/12/2024,19:00,23:59,19
Oceanbeat Ibiza Boat Party,7/12/2024,14:30,17:30,4
A Day In Paradise Boat Trip,7/12/2024,12:00,17:00,5
Black Coffee,7/13/2024,23:30,7:00,12
elrow Ibiza | Sambowdromo de Brasil,7/13/2024,23:00,,8
Flower Power,7/13/2024,23:59,6:00,9
ANTS,7/13/2024,15:00,23:00,13
Peaches,7/13/2024,23:59,,2
LoveJuice Pool Party,7/13/2024,14:00,21:00,6
Soul Heaven,7/13/2024,13:00,23:00,11
TRIP,7/13/2024,23:45,,3
Sacro by Mëstiza,7/13/2024,19:00,5:30,18
Fiesta del Agua,7/13/2024,23:45,6:00,7
Pandora,7/13/2024,23:59,5:00,17
Oceanbeat Ibiza Boat Party,7/13/2024,14:30,17:30,4
Pukka Up Afternoon Boat Party,7/13/2024,14:00,17:00,5
Glitterbox,7/14/2024,23:30,7:00,12
Pyramid,7/14/2024,23:00,,8
Solomun +1,7/14/2024,23:59,6:00,9
Dom Dolla,7/14/2024,17:00,23:00,13
ABODE,7/14/2024,23:59,,2
Ben Hemsley Pool Party,7/14/2024,14:00,21:00,6
Boat Club,7/14/2024,13:00,23:00,11
Franky Wah presents SHÈN Ibiza,7/14/2024,23:45,6:00,3
Woomoon,7/14/2024,19:00,6:00,18
Dance Africa,7/14/2024,23:45,6:00,7
Palmarama,7/14/2024,18:00,,15
Travieso,7/14/2024,23:59,5:00,17
Oceanbeat Ibiza Boat Party,7/14/2024,14:30,17:30,4
A Day In Paradise Boat Trip,7/14/2024,12:00,17:00,5
Eric Prydz presents [CELL],7/15/2024,23:30,7:00,12
Amnesia Presents,7/15/2024,23:00,,8
David Guetta presents F*** ME I'M FAMOUS!,7/15/2024,17:00,23:00,13
Worried About Henry,7/15/2024,23:59,,2
Radio 1 Dance X Pool Party,7/15/2024,14:00,21:00,6
D4 D4NCE,7/15/2024,13:00,23:00,11
La Troya,7/15/2024,23:45,,3
You Know The Vibes,7/15/2024,23:45,6:00,7
Nasty Beats,7/15/2024,23:59,5:00,17
Oceanbeat Ibiza Boat Party,7/15/2024,14:30,17:30,4
The Martinez Brothers,7/16/2024,23:30,7:00,12
The Masquerade by Claptone,7/16/2024,23:00,,8
CAMELPHAT,7/16/2024,23:59,6:00,9
Defected,7/16/2024,15:00,23:00,13
Outset Ibiza,7/16/2024,23:59,,2
Ibiza Rocks Pool Party,7/16/2024,14:00,21:00,6
Kisstory,7/16/2024,13:00,23:00,11
PIV Ibiza,7/16/2024,19:00,5:30,18
Bubbles,7/16/2024,23:45,6:00,7
Blanche Ibiza,7/16/2024,23:59,5:00,17
Oceanbeat Ibiza Boat Party,7/16/2024,14:30,17:30,4
Pukka Up Sunset Boat Party,7/16/2024,18:00,21:00,5
FISHER,7/17/2024,23:30,7:00,12
Paradise,7/17/2024,22:30,6:00,8
Saga,7/17/2024,23:59,6:00,9
Tomorrowland presents Dimitri Vegas & Like Mike,7/17/2024,17:00,23:00,13
One Night Stand presents After Caposile,7/17/2024,23:59,,2
Joel Corry Pool Party,7/17/2024,14:00,21:00,6
House In Paradise,7/17/2024,13:00,23:00,11
Fuego,7/17/2024,23:45,6:00,7
Toy Room,7/17/2024,23:59,5:00,17
Oceanbeat Ibiza Boat Party,7/17/2024,14:30,17:30,4
Tale Of Us present Afterlife,7/18/2024,23:30,7:00,12
Bresh,7/18/2024,23:59,,8
Pure Pacha,7/18/2024,23:59,6:00,9
Martin Garrix,7/18/2024,17:00,23:00,13
SHINE Ibiza,7/18/2024,23:59,,2
Applebum Pool Party,7/18/2024,14:00,21:00,6
ON111,7/18/2024,13:00,23:00,11
Cosmic Pineapple,7/18/2024,19:00,5:00,18
Music On,7/18/2024,17:00,23:00,14
House of Zeus,7/18/2024,23:45,6:00,7
Bâzâr by Sasson,7/18/2024,23:59,5:00,17
Oceanbeat Ibiza Boat Party,7/18/2024,14:30,17:30,4
Pukka Up Sunset Boat Party,7/18/2024,18:00,21:00,5
David Guetta & MORTEN present Future Rave,7/19/2024,23:30,7:00,12
Joseph Capriati presents Metamorfosi Opening Party,7/19/2024,22:30,6:00,8
Music On,7/19/2024,23:59,7:00,9
Calvin Harris,7/19/2024,17:00,23:00,13
Space at Eden,7/19/2024,23:59,,2
Ibiza Anthems Pool Party,7/19/2024,14:00,21:00,6
Pool Party | Cinomatic,7/19/2024,13:00,23:00,11
Pablo Fierro presents We're Here,7/19/2024,23:45,,3
Hernán Cattáneo,7/19/2024,19:00,5:00,1
Storytellers,7/19/2024,19:00,5:30,18
Puro Reggaeton,7/19/2024,23:45,6:00,7
RUMORS,7/19/2024,18:00,,15
Vintage,7/19/2024,23:59,5:00,17
Children of the 80s,7/19/2024,19:00,23:59,19
Oceanbeat Ibiza Boat Party,7/19/2024,14:30,17:30,4
A Day In Paradise Boat Trip,7/19/2024,12:00,17:00,5
Black Coffee,7/20/2024,23:30,7:00,12
elrow Ibiza | Kaos Garden,7/20/2024,23:00,,8
Flower Power,7/20/2024,23:59,6:00,9
ANTS,7/20/2024,15:00,23:00,13
Peaches,7/20/2024,23:59,,2
LoveJuice Pool Party,7/20/2024,14:00,21:00,6
Soul Heaven,7/20/2024,13:00,23:00,11
TRIP,7/20/2024,23:45,,3
Fiesta del Agua,7/20/2024,23:45,6:00,7
Pandora,7/20/2024,23:59,5:00,17
Oceanbeat Ibiza Boat Party,7/20/2024,14:30,17:30,4
Pukka Up Afternoon Boat Party,7/20/2024,14:00,17:00,5
Glitterbox,7/21/2024,23:30,7:00,12
Pyramid,7/21/2024,23:00,,8
Solomun +1,7/21/2024,23:59,6:00,9
Swedish House Mafia Opening Party,7/21/2024,17:00,23:00,13
ABODE,7/21/2024,23:59,,2
Ben Hemsley Pool Party,7/21/2024,14:00,21:00,6
KISS Dance Live,7/21/2024,13:00,23:00,11
Franky Wah presents SHÈN Ibiza,7/21/2024,23:45,6:00,3
Woomoon,7/21/2024,19:00,6:00,18
Dance Africa,7/21/2024,23:45,6:00,7
Palmarama,7/21/2024,18:00,,15
Travieso,7/21/2024,23:59,5:00,17
Oceanbeat Ibiza Boat Party,7/21/2024,14:30,17:30,4
A Day In Paradise Boat Trip,7/21/2024,12:00,17:00,5
Eric Prydz presents [CELL],7/22/2024,23:30,7:00,12
Amnesia Presents,7/22/2024,23:00,,8
David Guetta presents F*** ME I'M FAMOUS!,7/22/2024,17:00,23:00,13
Worried About Henry,7/22/2024,23:59,,2
Radio 1 Dance X Pool Party,7/22/2024,14:00,21:00,6
D4 D4NCE,7/22/2024,13:00,23:00,11
La Troya,7/22/2024,23:45,,3
You Know The Vibes,7/22/2024,23:45,6:00,7
Nasty Beats,7/22/2024,23:59,5:00,17
Oceanbeat Ibiza Boat Party,7/22/2024,14:30,17:30,4
The Martinez Brothers,7/23/2024,23:30,7:00,12
The Masquerade by Claptone,7/23/2024,23:00,,8
CAMELPHAT,7/23/2024,23:59,6:00,9
Defected,7/23/2024,15:00,23:00,13
Outset Ibiza,7/23/2024,23:59,,2
Ibiza Rocks Pool Party,7/23/2024,14:00,21:00,6
Kisstory,7/23/2024,13:00,23:00,11
Bubbles,7/23/2024,23:45,6:00,7
Blanche Ibiza,7/23/2024,23:59,5:00,17
Oceanbeat Ibiza Boat Party,7/23/2024,14:30,17:30,4
Pukka Up Sunset Boat Party,7/23/2024,18:00,21:00,5
FISHER,7/24/2024,23:30,7:00,12
Paradise,7/24/2024,22:30,6:00,8
Saga,7/24/2024,23:59,6:00,9
elrow Outdoors | Delusionville,7/24/2024,17:00,23:00,13
One Night Stand |  Soundmate31 X Omni,7/24/2024,23:59,,2
Joel Corry Pool Party,7/24/2024,14:00,21:00,6
House In Paradise,7/24/2024,13:00,23:00,11
The Soundgarden,7/24/2024,19:00,5:00,18
Fuego,7/24/2024,23:45,6:00,7
Toy Room,7/24/2024,23:59,5:00,17
Oceanbeat Ibiza Boat Party,7/24/2024,14:30,17:30,4
Tale Of Us present Afterlife,7/25/2024,23:30,7:00,12
Bresh,7/25/2024,23:59,,8
Pure Pacha,7/25/2024,23:59,6:00,9
Martin Garrix,7/25/2024,17:00,23:00,13
SHINE Ibiza,7/25/2024,23:59,,2
Applebum Pool Party,7/25/2024,14:00,21:00,6
ON111,7/25/2024,13:00,23:00,11
House of Zeus,7/25/2024,23:45,6:00,7
Bâzâr by Sasson,7/25/2024,23:59,5:00,17
Oceanbeat Ibiza Boat Party,7/25/2024,14:30,17:30,4
Pukka Up Sunset Boat Party,7/25/2024,18:00,21:00,5
David Guetta & MORTEN present Future Rave,7/26/2024,23:30,7:00,12
Joseph Capriati presents Metamorfosi,7/26/2024,22:30,,8
Music On,7/26/2024,23:59,7:00,9
Calvin Harris,7/26/2024,17:00,23:00,13
Space at Eden,7/26/2024,23:59,,2
Ibiza Anthems Pool Party,7/26/2024,14:00,21:00,6
Pool Party | Cinomatic,7/26/2024,13:00,23:00,11
Pablo Fierro presents We're Here,7/26/2024,23:45,,3
Storytellers,7/26/2024,19:00,5:30,18
Puro Reggaeton,7/26/2024,23:45,6:00,7
RUMORS,7/26/2024,18:00,,15
Vintage,7/26/2024,23:59,5:00,17
Children of the 80s,7/26/2024,19:00,23:59,19
Oceanbeat Ibiza Boat Party,7/26/2024,14:30,17:30,4
A Day In Paradise Boat Trip,7/26/2024,12:00,17:00,5
Black Coffee,7/27/2024,23:30,7:00,12
elrow Ibiza | Dance With The Serpent,7/27/2024,23:00,,8
Flower Power,7/27/2024,23:59,6:00,9
ANTS,7/27/2024,15:00,23:00,13
Peaches,7/27/2024,23:59,,2
LoveJuice Pool Party,7/27/2024,14:00,21:00,6
Soul Heaven,7/27/2024,13:00,23:00,11
TRIP,7/27/2024,23:45,,3
Sacro by Mëstiza,7/27/2024,19:00,5:30,18
Fiesta del Agua,7/27/2024,23:45,6:00,7
Pandora,7/27/2024,23:59,5:00,17
Oceanbeat Ibiza Boat Party,7/27/2024,14:30,17:30,4
Pukka Up Afternoon Boat Party,7/27/2024,14:00,17:00,5
Glitterbox,7/28/2024,23:30,7:00,12
Pyramid,7/28/2024,23:00,,8
Solomun +1,7/28/2024,23:59,6:00,9
Swedish House Mafia,7/28/2024,17:00,23:00,13
ABODE,7/28/2024,23:59,,2
Ben Hemsley Pool Party,7/28/2024,14:00,21:00,6
Ibiza Spray,7/28/2024,13:00,23:00,11
Franky Wah presents SHÈN Ibiza,7/28/2024,23:45,6:00,3
Woomoon,7/28/2024,19:00,6:00,18
Dance Africa,7/28/2024,23:45,6:00,7
Palmarama,7/28/2024,18:00,,15
Travieso,7/28/2024,23:59,5:00,17
Oceanbeat Ibiza Boat Party,7/28/2024,14:30,17:30,4
A Day In Paradise Boat Trip,7/28/2024,12:00,17:00,5
Eric Prydz presents [CELL],7/29/2024,23:30,7:00,12
Amnesia Presents,7/29/2024,23:00,,8
Diplo,7/29/2024,23:59,6:00,9
David Guetta presents F*** ME I'M FAMOUS!,7/29/2024,17:00,23:00,13
Worried About Henry,7/29/2024,23:59,,2
Radio 1 Dance X Pool Party,7/29/2024,14:00,21:00,6
D4 D4NCE,7/29/2024,13:00,23:00,11
La Troya,7/29/2024,23:45,,3
You Know The Vibes,7/29/2024,23:45,6:00,7
Nasty Beats,7/29/2024,23:59,5:00,17
Oceanbeat Ibiza Boat Party,7/29/2024,14:30,17:30,4
The Martinez Brothers,7/30/2024,23:30,7:00,12
The Masquerade by Claptone,7/30/2024,23:00,,8
CAMELPHAT,7/30/2024,23:59,6:00,9
Defected,7/30/2024,15:00,23:00,13
Outset Ibiza,7/30/2024,23:59,,2
Ibiza Rocks Pool Party,7/30/2024,14:00,21:00,6
Kisstory,7/30/2024,13:00,23:00,11
Bubbles,7/30/2024,23:45,6:00,7
Blanche Ibiza,7/30/2024,23:59,5:00,17
Oceanbeat Ibiza Boat Party,7/30/2024,14:30,17:30,4
Pukka Up Sunset Boat Party,7/30/2024,18:00,21:00,5
FISHER,7/31/2024,23:30,7:00,12
Paradise,7/31/2024,22:30,6:00,8
Saga,7/31/2024,23:59,6:00,9
Tomorrowland presents Dimitri Vegas & Like Mike,7/31/2024,17:00,23:00,13
One Night Stand presents LOCUS,7/31/2024,23:59,,2
Joel Corry Pool Party,7/31/2024,14:00,21:00,6
House In Paradise,7/31/2024,13:00,23:00,11
Fuego,7/31/2024,23:45,6:00,7
Toy Room,7/31/2024,23:59,5:00,17
Oceanbeat Ibiza Boat Party,7/31/2024,14:30,17:30,4
Tale Of Us present Afterlife,8/1/2024,23:30,7:00,12
Bresh,8/1/2024,23:59,,8
Pure Pacha,8/1/2024,23:59,6:00,9
Martin Garrix,8/1/2024,17:00,23:00,13
SHINE Ibiza,8/1/2024,23:59,,2
D-Block Europe present DBE Festival,8/1/2024,14:00,21:00,6
ON111,8/1/2024,13:00,23:00,11
Music On,8/1/2024,17:00,23:00,14
House of Zeus,8/1/2024,23:45,6:00,7
Bâzâr by Sasson,8/1/2024,23:59,5:00,17
Oceanbeat Ibiza Boat Party,8/1/2024,14:30,17:30,4
Pukka Up Sunset Boat Party,8/1/2024,18:00,21:00,5
David Guetta & MORTEN present Future Rave,8/2/2024,23:30,7:00,12
Joseph Capriati presents Metamorfosi,8/2/2024,22:30,,8
Music On,8/2/2024,23:59,7:00,9
Calvin Harris,8/2/2024,17:00,23:00,13
BBC Radio 1 Dance Live,8/2/2024,16:00,,20
Ibiza Anthems Pool Party,8/2/2024,14:00,21:00,6
Pool Party | Cinomatic,8/2/2024,13:00,23:00,11
Pablo Fierro presents We're Here,8/2/2024,23:45,,3
Storytellers,8/2/2024,19:00,5:30,18
Puro Reggaeton,8/2/2024,23:45,6:00,7
RUMORS,8/2/2024,18:00,,15
Vintage,8/2/2024,23:59,5:00,17
Children of the 80s,8/2/2024,19:00,23:59,19
Oceanbeat Ibiza Boat Party,8/2/2024,14:30,17:30,4
A Day In Paradise Boat Trip,8/2/2024,12:00,17:00,5
Black Coffee,8/3/2024,23:30,7:00,12
elrow Ibiza | Rows Attacks!,8/3/2024,23:00,,8
Flower Power,8/3/2024,23:59,6:00,9
ANTS,8/3/2024,15:00,23:00,13
Peaches,8/3/2024,23:59,,2
LoveJuice Pool Party,8/3/2024,14:00,21:00,6
Soul Heaven,8/3/2024,13:00,23:00,11
TRIP,8/3/2024,23:45,,3
Fabuloso,8/3/2024,19:00,5:30,18
Fiesta del Agua,8/3/2024,23:45,6:00,7
Pandora,8/3/2024,23:59,5:00,17
Oceanbeat Ibiza Boat Party,8/3/2024,14:30,17:30,4
Pukka Up Afternoon Boat Party,8/3/2024,14:00,17:00,5
Glitterbox,8/4/2024,23:30,7:00,12
Pyramid,8/4/2024,23:00,,8
Solomun +1,8/4/2024,23:59,6:00,9
Swedish House Mafia,8/4/2024,17:00,23:00,13
ABODE,8/4/2024,23:59,,2
Ben Hemsley Pool Party,8/4/2024,14:00,21:00,6
SIN Sundays,8/4/2024,13:00,23:00,11
Franky Wah presents SHÈN Ibiza,8/4/2024,23:45,6:00,3
Woomoon,8/4/2024,19:00,6:00,18
Dance Africa,8/4/2024,23:45,6:00,7
Palmarama,8/4/2024,18:00,,15
Travieso,8/4/2024,23:59,5:00,17
Oceanbeat Ibiza Boat Party,8/4/2024,14:30,17:30,4
A Day In Paradise Boat Trip,8/4/2024,12:00,17:00,5
Eric Prydz presents [CELL],8/5/2024,23:30,7:00,12
Amnesia Presents,8/5/2024,23:00,,8
David Guetta presents F*** ME I'M FAMOUS!,8/5/2024,17:00,23:00,13
Worried About Henry,8/5/2024,23:59,,2
Radio 1 Dance X Pool Party,8/5/2024,14:00,21:00,6
D4 D4NCE,8/5/2024,13:00,23:00,11
La Troya,8/5/2024,23:45,,3
You Know The Vibes,8/5/2024,23:45,6:00,7
Nasty Beats,8/5/2024,23:59,5:00,17
Oceanbeat Ibiza Boat Party,8/5/2024,14:30,17:30,4
The Martinez Brothers,8/6/2024,23:30,7:00,12
The Masquerade by Claptone,8/6/2024,23:00,,8
CAMELPHAT,8/6/2024,23:59,6:00,9
Defected,8/6/2024,15:00,23:00,13
Outset Ibiza,8/6/2024,23:59,,2
Craig David's TS5 Pool Party,8/6/2024,14:00,21:00,6
Kisstory,8/6/2024,13:00,23:00,11
PIV Ibiza,8/6/2024,19:00,5:30,18
Bubbles,8/6/2024,23:45,6:00,7
Blanche Ibiza,8/6/2024,23:59,5:00,17
Oceanbeat Ibiza Boat Party,8/6/2024,14:30,17:30,4
Pukka Up Sunset Boat Party,8/6/2024,18:00,21:00,5
FISHER,8/7/2024,23:30,7:00,12
Paradise,8/7/2024,22:30,6:00,8
Saga,8/7/2024,23:59,6:00,9
Tomorrowland presents Dimitri Vegas & Like Mike,8/7/2024,17:00,23:00,13
One Night Stand presents Animal Crossing,8/7/2024,23:59,,2
Joel Corry Pool Party,8/7/2024,14:00,21:00,6
House In Paradise,8/7/2024,13:00,23:00,11
Fuego,8/7/2024,23:45,6:00,7
Toy Room,8/7/2024,23:59,5:00,17
Oceanbeat Ibiza Boat Party,8/7/2024,14:30,17:30,4
Tale Of Us present Afterlife,8/8/2024,23:30,7:00,12
Bresh,8/8/2024,23:59,,8
Pure Pacha,8/8/2024,23:59,6:00,9
Martin Garrix,8/8/2024,17:00,23:00,13
SHINE Ibiza,8/8/2024,23:59,,2
Applebum Pool Party,8/8/2024,14:00,21:00,6
ON111,8/8/2024,13:00,23:00,11
Anjunadeep,8/8/2024,23:45,,3
Sven Väth presents Catharsis,8/8/2024,19:00,5:00,1
Music On,8/8/2024,17:00,23:00,14
House of Zeus,8/8/2024,23:45,6:00,7
Bâzâr by Sasson,8/8/2024,23:59,5:00,17
Oceanbeat Ibiza Boat Party,8/8/2024,14:30,17:30,4
Pukka Up Sunset Boat Party,8/8/2024,18:00,21:00,5
David Guetta & MORTEN present Future Rave,8/9/2024,23:30,7:00,12
Joseph Capriati presents Metamorfosi,8/9/2024,22:30,,8
Music On,8/9/2024,23:59,7:00,9
Calvin Harris,8/9/2024,17:00,23:00,13
Space at Eden,8/9/2024,23:59,,2
Ibiza Anthems Pool Party,8/9/2024,14:00,21:00,6
Pool Party | Cinomatic,8/9/2024,13:00,23:00,11
Pablo Fierro presents We're Here,8/9/2024,23:45,,3
Storytellers,8/9/2024,19:00,5:30,18
Puro Reggaeton,8/9/2024,23:45,6:00,7
RUMORS,8/9/2024,18:00,,15
Vintage,8/9/2024,23:59,5:00,17
Children of the 80s,8/9/2024,19:00,23:59,19
Oceanbeat Ibiza Boat Party,8/9/2024,14:30,17:30,4
A Day In Paradise Boat Trip,8/9/2024,12:00,17:00,5
Black Coffee,8/10/2024,23:30,7:00,12
elrow Ibiza | Psychrowdelic Trip,8/10/2024,23:00,,8
Flower Power,8/10/2024,23:59,6:00,9
ANTS,8/10/2024,15:00,23:00,13
Peaches,8/10/2024,23:59,,2
LoveJuice Pool Party,8/10/2024,14:00,21:00,6
Soul Heaven,8/10/2024,13:00,23:00,11
TRIP,8/10/2024,23:45,,3
KINYXX Fetish Edition,8/10/2024,19:00,5:30,18
Fiesta del Agua,8/10/2024,23:45,6:00,7
Pandora,8/10/2024,23:59,5:00,17
Oceanbeat Ibiza Boat Party,8/10/2024,14:30,17:30,4
Pukka Up Afternoon Boat Party,8/10/2024,14:00,17:00,5
Glitterbox,8/11/2024,23:30,7:00,12
Pyramid,8/11/2024,23:00,,8
Solomun +1,8/11/2024,23:59,6:00,9
Swedish House Mafia,8/11/2024,17:00,23:00,13
ABODE,8/11/2024,23:59,,2
Ben Hemsley Pool Party,8/11/2024,14:00,21:00,6
Paravana,8/11/2024,13:00,23:00,11
Franky Wah presents SHÈN Ibiza,8/11/2024,23:45,6:00,3
Woomoon,8/11/2024,19:00,6:00,18
Dance Africa,8/11/2024,23:45,6:00,7
Palmarama,8/11/2024,18:00,,15
Travieso,8/11/2024,23:59,5:00,17
Oceanbeat Ibiza Boat Party,8/11/2024,14:30,17:30,4
A Day In Paradise Boat Trip,8/11/2024,12:00,17:00,5
Eric Prydz presents [CELL],8/12/2024,23:30,7:00,12
Amnesia Presents,8/12/2024,23:00,,8
David Guetta presents F*** ME I'M FAMOUS!,8/12/2024,17:00,23:00,13
Worried About Henry,8/12/2024,23:59,,2
Radio 1 Dance X Pool Party,8/12/2024,14:00,21:00,6
D4 D4NCE,8/12/2024,13:00,23:00,11
La Troya,8/12/2024,23:45,,3
You Know The Vibes,8/12/2024,23:45,6:00,7
Nasty Beats,8/12/2024,23:59,5:00,17
Oceanbeat Ibiza Boat Party,8/12/2024,14:30,17:30,4
The Martinez Brothers,8/13/2024,23:30,7:00,12
The Masquerade by Claptone,8/13/2024,23:00,,8
CAMELPHAT,8/13/2024,23:59,6:00,9
Defected,8/13/2024,15:00,23:00,13
Outset Ibiza | Index,8/13/2024,23:59,,2
Craig David's TS5 Pool Party,8/13/2024,14:00,21:00,6
Kisstory,8/13/2024,13:00,23:00,11
Do Not Sleep,8/13/2024,19:00,5:00,18
Bubbles,8/13/2024,23:45,6:00,7
Blanche Ibiza,8/13/2024,23:59,5:00,17
Oceanbeat Ibiza Boat Party,8/13/2024,14:30,17:30,4
Pukka Up Sunset Boat Party,8/13/2024,18:00,21:00,5
FISHER,8/14/2024,23:30,7:00,12
Paradise,8/14/2024,22:30,6:00,8
Saga,8/14/2024,23:59,6:00,9
elrow Outdoors | El Rowcio,8/14/2024,17:00,23:00,13
One Night Stand | Toffler x Moon,8/14/2024,23:59,,2
Joel Corry Pool Party,8/14/2024,14:00,21:00,6
House In Paradise,8/14/2024,13:00,23:00,11
Fuego,8/14/2024,23:45,6:00,7
Toy Room,8/14/2024,23:59,5:00,17
Oceanbeat Ibiza Boat Party,8/14/2024,14:30,17:30,4
Tale Of Us present Afterlife,8/15/2024,23:30,7:00,12
Bresh,8/15/2024,23:59,,8
Pure Pacha,8/15/2024,23:59,6:00,9
Martin Garrix,8/15/2024,17:00,23:00,13
One More Time Ibiza | SASH!,8/15/2024,23:59,,2
Applebum Pool Party,8/15/2024,14:00,21:00,6
ON111,8/15/2024,13:00,23:00,11
FRANCIS MERCIER PRESENTS: DEEP ROOT TRIBE,8/15/2024,19:00,5:30,18
House of Zeus,8/15/2024,23:45,6:00,7
Bâzâr by Sasson,8/15/2024,23:59,5:00,17
Oceanbeat Ibiza Boat Party,8/15/2024,14:30,17:30,4
Pukka Up Sunset Boat Party,8/15/2024,18:00,21:00,5
David Guetta & MORTEN present Future Rave,8/16/2024,23:30,7:00,12
Joseph Capriati presents Metamorfosi,8/16/2024,22:30,,8
Music On,8/16/2024,23:59,7:00,9
Calvin Harris,8/16/2024,17:00,23:00,13
Space at Eden,8/16/2024,23:59,,2
Ibiza Anthems Pool Party,8/16/2024,14:00,21:00,6
Pool Party | Cinomatic,8/16/2024,13:00,23:00,11
Pablo Fierro presents We're Here,8/16/2024,23:45,,3
Storytellers,8/16/2024,19:00,5:30,18
Puro Reggaeton,8/16/2024,23:45,6:00,7
RUMORS,8/16/2024,18:00,,15
Vintage,8/16/2024,23:59,5:00,17
Children of the 80s,8/16/2024,19:00,23:59,19
Oceanbeat Ibiza Boat Party,8/16/2024,14:30,17:30,4
A Day In Paradise Boat Trip,8/16/2024,12:00,17:00,5
Black Coffee,8/17/2024,23:30,7:00,12
elrow Ibiza | Horroween,8/17/2024,23:00,,8
Flower Power,8/17/2024,23:59,6:00,9
ANTS,8/17/2024,15:00,23:00,13
Peaches,8/17/2024,23:59,,2
LoveJuice Pool Party,8/17/2024,14:00,21:00,6
Soul Heaven,8/17/2024,13:00,23:00,11
TRIP,8/17/2024,23:45,,3
GOZO,8/17/2024,19:00,5:30,18
Fiesta del Agua,8/17/2024,23:45,6:00,7
Pandora,8/17/2024,23:59,5:00,17
Oceanbeat Ibiza Boat Party,8/17/2024,14:30,17:30,4
Pukka Up Afternoon Boat Party,8/17/2024,14:00,17:00,5
Glitterbox,8/18/2024,23:30,7:00,12
Pyramid,8/18/2024,23:00,,8
Solomun +1,8/18/2024,23:59,6:00,9
Swedish House Mafia,8/18/2024,17:00,23:00,13
ABODE,8/18/2024,23:59,,2
Ben Hemsley Pool Party,8/18/2024,14:00,21:00,6
Jack Your Body,8/18/2024,13:00,23:00,11
Franky Wah presents SHÈN Ibiza,8/18/2024,23:45,6:00,3
Woomoon,8/18/2024,19:00,6:00,18
Dance Africa,8/18/2024,23:45,6:00,7
Palmarama,8/18/2024,18:00,,15
Travieso,8/18/2024,23:59,5:00,17
Oceanbeat Ibiza Boat Party,8/18/2024,14:30,17:30,4
A Day In Paradise Boat Trip,8/18/2024,12:00,17:00,5
Eric Prydz presents [CELL],8/19/2024,23:30,7:00,12
Amnesia Presents,8/19/2024,23:00,,8
David Guetta presents F*** ME I'M FAMOUS!,8/19/2024,17:00,23:00,13
Worried About Henry,8/19/2024,23:59,,2
Radio 1 Dance X Pool Party | Dance Anthems Special,8/19/2024,14:00,21:00,6
D4 D4NCE,8/19/2024,13:00,23:00,11
La Troya,8/19/2024,23:45,,3
You Know The Vibes,8/19/2024,23:45,6:00,7
Closing Nasty Beats,8/19/2024,23:59,6:00,17
Oceanbeat Ibiza Boat Party,8/19/2024,14:30,17:30,4
The Martinez Brothers,8/20/2024,23:30,7:00,12
The Masquerade by Claptone,8/20/2024,23:00,,8
CAMELPHAT,8/20/2024,23:59,6:00,9
Defected,8/20/2024,15:00,23:00,13
Outset Ibiza | BPM,8/20/2024,23:59,,2
Craig David's TS5 Pool Party,8/20/2024,14:00,21:00,6
Kisstory,8/20/2024,13:00,23:00,11
PIV Ibiza,8/20/2024,19:00,5:30,18
Bubbles,8/20/2024,23:45,6:00,7
Blanche Ibiza,8/20/2024,23:59,5:00,17
Oceanbeat Ibiza Boat Party,8/20/2024,14:30,17:30,4
Pukka Up Sunset Boat Party,8/20/2024,18:00,21:00,5
FISHER,8/21/2024,23:30,7:00,12
Paradise,8/21/2024,22:30,6:00,8
Saga,8/21/2024,23:59,6:00,9
Tomorrowland presents Dimitri Vegas & Like Mike,8/21/2024,17:00,23:00,13
One Night Stand presents Buongiorno Classic,8/21/2024,23:59,,2
Joel Corry Pool Party,8/21/2024,14:00,21:00,6
House In Paradise,8/21/2024,13:00,23:00,11
The Soundgarden,8/21/2024,19:00,5:00,18
Fuego,8/21/2024,23:45,6:00,7
Toy Room,8/21/2024,23:59,5:00,17
Oceanbeat Ibiza Boat Party,8/21/2024,14:30,17:30,4
Tale Of Us present Afterlife,8/22/2024,23:30,7:00,12
Bresh,8/22/2024,23:59,,8
Pure Pacha,8/22/2024,23:59,6:00,9
Martin Garrix,8/22/2024,17:00,23:00,13
One More Time Ibiza,8/22/2024,23:59,,2
Applebum Pool Party,8/22/2024,14:00,21:00,6
ON111,8/22/2024,13:00,23:00,11
Cosmic Pineapple,8/22/2024,19:00,5:00,18
House of Zeus,8/22/2024,23:45,6:00,7
Bâzâr by Sasson,8/22/2024,23:59,5:00,17
Oceanbeat Ibiza Boat Party,8/22/2024,14:30,17:30,4
Pukka Up Sunset Boat Party,8/22/2024,18:00,21:00,5
David Guetta & MORTEN present Future Rave,8/23/2024,23:30,7:00,12
Joseph Capriati presents Metamorfosi,8/23/2024,22:30,,8
Music On,8/23/2024,23:59,7:00,9
Calvin Harris,8/23/2024,17:00,23:00,13
Space at Eden,8/23/2024,23:59,,2
Ibiza Anthems Pool Party,8/23/2024,14:00,21:00,6
Pool Party | Cinomatic,8/23/2024,13:00,23:00,11
Pablo Fierro presents We're Here,8/23/2024,23:45,,3
Storytellers,8/23/2024,19:00,5:30,18
Puro Reggaeton,8/23/2024,23:45,6:00,7
RUMORS,8/23/2024,18:00,,15
Vintage,8/23/2024,23:59,5:00,17
Children of the 80s,8/23/2024,19:00,23:59,19
Oceanbeat Ibiza Boat Party,8/23/2024,14:30,17:30,4
A Day In Paradise Boat Trip,8/23/2024,12:00,17:00,5
Black Coffee,8/24/2024,23:30,7:00,12
elrow Ibiza | El Bowsque Enchantado,8/24/2024,23:00,,8
Flower Power,8/24/2024,23:59,6:00,9
ANTS,8/24/2024,15:00,23:00,13
Peaches,8/24/2024,23:59,,2
LoveJuice Pool Party,8/24/2024,14:00,21:00,6
KISS Dance Live,8/24/2024,13:00,23:00,11
TRIP,8/24/2024,23:45,,3
Sacro by Mëstiza,8/24/2024,19:00,5:30,18
Fiesta del Agua,8/24/2024,23:45,6:00,7
Pandora,8/24/2024,23:59,5:00,17
Oceanbeat Ibiza Boat Party,8/24/2024,14:30,17:30,4
Pukka Up Afternoon Boat Party,8/24/2024,14:00,17:00,5
Glitterbox,8/25/2024,23:30,7:00,12
Pyramid,8/25/2024,23:00,,8
Solomun +1,8/25/2024,23:59,6:00,9
Swedish House Mafia Closing Party,8/25/2024,17:00,23:00,13
ABODE,8/25/2024,23:59,,2
Ben Hemsley Pool Party,8/25/2024,14:00,21:00,6
Ibiza Spray,8/25/2024,13:00,23:00,11
Franky Wah presents SHÈN Ibiza,8/25/2024,23:45,6:00,3
Woomoon,8/25/2024,19:00,6:00,18
Dance Africa,8/25/2024,23:45,6:00,7
Palmarama,8/25/2024,18:00,,15
Travieso,8/25/2024,23:59,5:00,17
Oceanbeat Ibiza Boat Party,8/25/2024,14:30,17:30,4
A Day In Paradise Boat Trip,8/25/2024,12:00,17:00,5
Eric Prydz presents [CELL],8/26/2024,23:30,7:00,12
Amnesia Presents,8/26/2024,23:00,,8
Diplo,8/26/2024,23:59,6:00,9
David Guetta presents F*** ME I'M FAMOUS!,8/26/2024,17:00,23:00,13
Worried About Henry,8/26/2024,23:59,,2
Radio 1 Dance X Closing Party | Dance Anthems Special,8/26/2024,14:00,21:00,6
D4 D4NCE,8/26/2024,13:00,23:00,11
La Troya,8/26/2024,23:45,,3
You Know The Vibes,8/26/2024,23:45,6:00,7
Oceanbeat Ibiza Boat Party,8/26/2024,14:30,17:30,4
The Martinez Brothers,8/27/2024,23:30,7:00,12
The Masquerade by Claptone,8/27/2024,23:00,,8
CAMELPHAT,8/27/2024,23:59,6:00,9
Defected,8/27/2024,15:00,23:00,13
Outset Ibiza | PATY,8/27/2024,23:59,,2
Craig David's TS5 Pool Party,8/27/2024,14:00,21:00,6
Kisstory,8/27/2024,13:00,23:00,11
Bubbles,8/27/2024,23:45,6:00,7
Blanche Ibiza,8/27/2024,23:59,5:00,17
Oceanbeat Ibiza Boat Party,8/27/2024,14:30,17:30,4
Pukka Up Sunset Boat Party,8/27/2024,18:00,21:00,5
FISHER,8/28/2024,23:30,7:00,12
Paradise,8/28/2024,22:30,6:00,8
Saga,8/28/2024,23:59,6:00,9
Tomorrowland presents Dimitri Vegas & Like Mike,8/28/2024,17:00,23:00,13
One Night Stand | S.A.S.H. X Half Baked,8/28/2024,23:59,,2
Joel Corry Pool Party,8/28/2024,14:00,21:00,6
House In Paradise,8/28/2024,13:00,23:00,11
Fuego,8/28/2024,23:45,6:00,7
Toy Room,8/28/2024,23:59,5:00,17
Oceanbeat Ibiza Boat Party,8/28/2024,14:30,17:30,4
Bresh,8/29/2024,23:59,,8
Pure Pacha,8/29/2024,23:59,6:00,9
Martin Garrix,8/29/2024,17:00,23:00,13
SHINE Ibiza,8/29/2024,23:59,,2
Applebum Closing Party,8/29/2024,14:00,21:00,6
ON111,8/29/2024,13:00,23:00,11
House of Zeus,8/29/2024,23:45,6:00,7
Bâzâr by Sasson,8/29/2024,23:59,5:00,17
Oceanbeat Ibiza Boat Party,8/29/2024,14:30,17:30,4
Pukka Up Sunset Boat Party,8/29/2024,18:00,21:00,5
David Guetta & MORTEN present Future Rave,8/30/2024,23:30,7:00,12
Joseph Capriati presents Metamorfosi,8/30/2024,22:30,,8
Music On,8/30/2024,23:59,7:00,9
Calvin Harris,8/30/2024,17:00,23:00,13
Space at Eden,8/30/2024,23:59,,2
Ibiza Anthems Pool Party,8/30/2024,14:00,21:00,6
Pool Party | Cinomatic,8/30/2024,13:00,23:00,11
Pablo Fierro presents We're Here,8/30/2024,23:45,,3
Storytellers,8/30/2024,19:00,5:30,18
Puro Reggaeton,8/30/2024,23:45,6:00,7
RUMORS,8/30/2024,18:00,,15
Vintage,8/30/2024,23:59,5:00,17
Children of the 80s,8/30/2024,19:00,23:59,19
Oceanbeat Ibiza Boat Party,8/30/2024,14:30,17:30,4
A Day In Paradise Boat Trip,8/30/2024,12:00,17:00,5
Black Coffee,8/31/2024,23:30,7:00,12
elrow Ibiza | Delusionville,8/31/2024,23:00,,8
Flower Power,8/31/2024,23:59,6:00,9
ANTS,8/31/2024,15:00,23:00,13
Peaches Closing Party,8/31/2024,23:59,,2
LoveJuice Pool Party,8/31/2024,14:00,21:00,6
Soul Heaven,8/31/2024,13:00,23:00,11
TRIP,8/31/2024,23:45,,3
Sacro by Mëstiza,8/31/2024,19:00,5:30,18
Fiesta del Agua,8/31/2024,23:45,6:00,7
Pandora,8/31/2024,23:59,5:00,17
Oceanbeat Ibiza Boat Party,8/31/2024,14:30,17:30,4
Pukka Up Afternoon Boat Party,8/31/2024,14:00,17:00,5
Glitterbox,9/1/2024,23:30,7:00,12
Pyramid,9/1/2024,23:00,,8
Solomun +1,9/1/2024,23:59,6:00,9
Armin van Buuren,9/1/2024,17:00,23:00,13
ABODE,9/1/2024,23:59,,2
Ben Hemsley Closing Party,9/1/2024,14:00,21:00,6
Forward Motion,9/1/2024,13:00,22:00,11
Franky Wah presents SHÈN Ibiza,9/1/2024,23:45,6:00,3
Woomoon,9/1/2024,18:00,6:00,18
Dance Africa,9/1/2024,23:45,6:00,7
Palmarama,9/1/2024,18:00,,15
Travieso,9/1/2024,23:59,5:00,17
Oceanbeat Ibiza Boat Party,9/1/2024,14:30,17:30,4
A Day In Paradise Boat Trip,9/1/2024,12:00,17:00,5
Eric Prydz presents [CELL],9/2/2024,23:30,7:00,12
Amnesia Presents,9/2/2024,23:00,,8
Hugel,9/2/2024,23:59,6:00,9
David Guetta presents F*** ME I'M FAMOUS!,9/2/2024,17:00,23:00,13
Worried About Henry,9/2/2024,23:59,,2
Ibiza Rocks Pool Party,9/2/2024,14:00,21:00,6
D4 D4NCE,9/2/2024,13:00,22:00,11
La Troya,9/2/2024,23:45,,3
You Know The Vibes,9/2/2024,23:45,6:00,7
Oceanbeat Ibiza Boat Party,9/2/2024,14:30,17:30,4
The Martinez Brothers,9/3/2024,23:30,7:00,12
The Masquerade by Claptone,9/3/2024,23:00,,8
CAMELPHAT,9/3/2024,23:59,6:00,9
Defected,9/3/2024,15:00,23:00,13
Outset Ibiza Closing Party,9/3/2024,23:59,,2
Craig David's TS5 Pool Party,9/3/2024,14:00,21:00,6
Kisstory,9/3/2024,13:00,22:00,11
PIV Ibiza,9/3/2024,19:00,5:30,18
Bubbles,9/3/2024,23:45,6:00,7
Blanche Ibiza,9/3/2024,23:59,5:00,17
Oceanbeat Ibiza Boat Party,9/3/2024,14:30,17:30,4
Pukka Up Sunset Boat Party,9/3/2024,17:00,20:00,5
FISHER,9/4/2024,23:30,7:00,12
Paradise,9/4/2024,22:30,6:00,8
Saga,9/4/2024,23:59,6:00,9
elrow Outdoors | Dance With The Serpent,9/4/2024,17:00,23:00,13
One Night Stand,9/4/2024,23:59,,2
Joel Corry Pool Party,9/4/2024,14:00,21:00,6
House In Paradise,9/4/2024,13:00,22:00,11
Fuego,9/4/2024,23:45,6:00,7
Toy Room,9/4/2024,23:59,5:00,17
Oceanbeat Ibiza Boat Party,9/4/2024,14:30,17:30,4
Bresh,9/5/2024,23:59,,8
Pure Pacha,9/5/2024,23:59,6:00,9
Martin Garrix,9/5/2024,17:00,23:00,13
SHINE Ibiza,9/5/2024,23:59,,2
ON111,9/5/2024,13:00,22:00,11
Cosmic Pineapple,9/5/2024,19:00,5:00,18
House of Zeus,9/5/2024,23:45,6:00,7
Bâzâr by Sasson,9/5/2024,23:59,5:00,17
Oceanbeat Ibiza Boat Party,9/5/2024,14:30,17:30,4
Pukka Up Sunset Boat Party,9/5/2024,17:00,20:00,5
David Guetta & MORTEN present Future Rave,9/6/2024,23:30,7:00,12
Joseph Capriati presents Metamorfosi Closing Party,9/6/2024,22:30,,8
Music On,9/6/2024,23:59,7:00,9
Calvin Harris,9/6/2024,17:00,23:00,13
Space at Eden,9/6/2024,23:59,,2
Ibiza Anthems Pool Party,9/6/2024,14:00,21:00,6
Pool Party | Cinomatic,9/6/2024,13:00,22:00,11
Pablo Fierro presents We're Here,9/6/2024,23:45,,3
Storytellers,9/6/2024,19:00,5:30,18
Puro Reggaeton,9/6/2024,23:45,6:00,7
RUMORS,9/6/2024,18:00,,15
Vintage,9/6/2024,23:59,5:00,17
Children of the 80s,9/6/2024,19:00,23:59,19
Oceanbeat Ibiza Boat Party,9/6/2024,14:30,17:30,4
A Day In Paradise Boat Trip,9/6/2024,12:00,17:00,5
Black Coffee,9/7/2024,23:30,7:00,12
elrow Ibiza | El Rowcio,9/7/2024,23:00,,8
Flower Power,9/7/2024,23:59,6:00,9
ANTS,9/7/2024,15:00,23:00,13
LoveJuice Pool Party,9/7/2024,14:00,21:00,6
Soul Heaven,9/7/2024,13:00,22:00,11
TRIP,9/7/2024,23:45,,3
Fabuloso,9/7/2024,19:00,5:30,18
Fiesta del Agua,9/7/2024,23:45,6:00,7
Pandora,9/7/2024,23:59,5:00,17
Oceanbeat Ibiza Boat Party,9/7/2024,14:30,17:30,4
Pukka Up Afternoon Boat Party,9/7/2024,14:00,17:00,5
Glitterbox,9/8/2024,23:30,7:00,12
Pyramid,9/8/2024,23:00,,8
Solomun +1,9/8/2024,23:59,6:00,9
Armin van Buuren,9/8/2024,17:00,23:00,13
ABODE,9/8/2024,23:59,,2
Soundcloud Presents | Double Dot Takeover,9/8/2024,14:00,21:00,6
Boat Club,9/8/2024,13:00,22:00,11
Franky Wah presents SHÈN Ibiza,9/8/2024,23:45,6:00,3
Woomoon,9/8/2024,18:00,6:00,18
Dance Africa,9/8/2024,23:45,6:00,7
Palmarama,9/8/2024,18:00,,15
Travieso,9/8/2024,23:59,5:00,17
Oceanbeat Ibiza Boat Party,9/8/2024,14:30,17:30,4
A Day In Paradise Boat Trip,9/8/2024,12:00,17:00,5
Eric Prydz presents [CELL] Closing Party,9/9/2024,23:30,7:00,12
Amnesia Presents,9/9/2024,23:00,,8
Hugel,9/9/2024,23:59,6:00,9
David Guetta presents F*** ME I'M FAMOUS!,9/9/2024,17:00,23:00,13
Worried About Henry,9/9/2024,23:59,,2
Ibiza Rocks Pool Party,9/9/2024,14:00,21:00,6
D4 D4NCE,9/9/2024,13:00,22:00,11
La Troya,9/9/2024,23:45,,3
You Know The Vibes,9/9/2024,23:45,6:00,7
Oceanbeat Ibiza Boat Party,9/9/2024,14:30,17:30,4
The Martinez Brothers,9/10/2024,23:30,7:00,12
The Masquerade by Claptone,9/10/2024,23:00,,8
CAMELPHAT,9/10/2024,23:59,6:00,9
Defected,9/10/2024,15:00,23:00,13
Craig David's TS5 Pool Party,9/10/2024,14:00,21:00,6
Kisstory,9/10/2024,13:00,22:00,11
Do Not Sleep,9/10/2024,19:00,5:00,18
Bubbles,9/10/2024,23:45,6:00,7
Blanche Ibiza,9/10/2024,23:59,5:00,17
Oceanbeat Ibiza Boat Party,9/10/2024,14:30,17:30,4
Pukka Up Sunset Boat Party,9/10/2024,17:00,20:00,5
FISHER,9/11/2024,23:30,7:00,12
Paradise,9/11/2024,22:30,6:00,8
Saga,9/11/2024,23:59,6:00,9
Tomorrowland presents Dimitri Vegas & Like Mike,9/11/2024,17:00,23:00,13
One Night Stand,9/11/2024,23:59,,2
Joel Corry Pool Party,9/11/2024,14:00,21:00,6
House In Paradise,9/11/2024,13:00,22:00,11
Fuego,9/11/2024,23:45,6:00,7
Toy Room,9/11/2024,23:59,5:00,17
Oceanbeat Ibiza Boat Party,9/11/2024,14:30,17:30,4
ZAMNA Ibiza,9/12/2024,23:00,,12
Bresh Closing Party,9/12/2024,23:59,,8
Pure Pacha,9/12/2024,23:59,6:00,9
Martin Garrix,9/12/2024,17:00,23:00,13
SHINE Ibiza,9/12/2024,23:59,,2
ON111,9/12/2024,13:00,22:00,11
Sven Väth presents Catharsis,9/12/2024,19:00,5:00,1
House of Zeus,9/12/2024,23:45,6:00,7
Bâzâr by Sasson,9/12/2024,23:59,5:00,17
Oceanbeat Ibiza Boat Party,9/12/2024,14:30,17:30,4
Pukka Up Sunset Boat Party,9/12/2024,17:00,20:00,5
David Guetta & MORTEN present Future Rave,9/13/2024,23:30,7:00,12
Mathame present NEO,9/13/2024,23:00,,8
Music On,9/13/2024,23:59,7:00,9
Calvin Harris Closing Party,9/13/2024,17:00,23:00,13
Space at Eden,9/13/2024,23:59,,2
Ibiza Anthems Pool Party,9/13/2024,14:00,21:00,6
Pool Party | Cinomatic,9/13/2024,13:00,22:00,11
Pablo Fierro presents We're Here,9/13/2024,23:45,,3
Storytellers,9/13/2024,19:00,5:30,18
Puro Reggaeton,9/13/2024,23:45,6:00,7
RUMORS,9/13/2024,18:00,,15
Vintage,9/13/2024,23:59,5:00,17
Children of the 80s,9/13/2024,19:00,23:59,19
Oceanbeat Ibiza Boat Party,9/13/2024,14:30,17:30,4
A Day In Paradise Boat Trip,9/13/2024,12:00,17:00,5
Black Coffee,9/14/2024,23:30,7:00,12
elrow Ibiza | Psychrowdelic Trip,9/14/2024,23:00,,8
Flower Power,9/14/2024,23:59,6:00,9
ANTS,9/14/2024,15:00,23:00,13
LoveJuice Pool Party,9/14/2024,14:00,21:00,6
Soul Heaven,9/14/2024,13:00,22:00,11
TRIP,9/14/2024,23:45,,3
GOZO,9/14/2024,19:00,5:30,18
Fiesta del Agua,9/14/2024,23:45,6:00,7
Pandora,9/14/2024,23:59,5:00,17
Oceanbeat Ibiza Boat Party,9/14/2024,14:30,17:30,4
Pukka Up Afternoon Boat Party,9/14/2024,14:00,17:00,5
Glitterbox,9/15/2024,23:30,7:00,12
Pyramid | fabriclondon,9/15/2024,23:00,,8
Solomun +1,9/15/2024,23:59,6:00,9
Armin van Buuren,9/15/2024,17:00,23:00,13
ABODE,9/15/2024,23:59,,2
Soundcloud Presents | Stack City Takeover,9/15/2024,14:00,21:00,6
KISS Dance Live,9/15/2024,13:00,22:00,11
Franky Wah presents SHÈN Ibiza,9/15/2024,23:45,6:00,3
Woomoon,9/15/2024,18:00,6:00,18
Dance Africa,9/15/2024,23:45,6:00,7
Palmarama,9/15/2024,18:00,,15
Travieso,9/15/2024,23:59,5:00,17
Oceanbeat Ibiza Boat Party,9/15/2024,14:30,17:30,4
A Day In Paradise Boat Trip,9/15/2024,12:00,17:00,5
Amnesia Presents,9/16/2024,23:00,,8
Purple Disco Machine,9/16/2024,23:59,6:00,9
David Guetta presents F*** ME I'M FAMOUS!,9/16/2024,17:00,23:00,13
Worried About Henry,9/16/2024,23:59,,2
Ibiza Rocks Pool Party,9/16/2024,14:00,21:00,6
D4 D4NCE,9/16/2024,13:00,22:00,11
La Troya,9/16/2024,23:45,,3
You Know The Vibes,9/16/2024,23:45,6:00,7
Oceanbeat Ibiza Boat Party,9/16/2024,14:30,17:30,4
The Martinez Brothers,9/17/2024,23:30,7:00,12
The Masquerade by Claptone Closing Party,9/17/2024,23:00,,8
CAMELPHAT,9/17/2024,23:59,6:00,9
Defected,9/17/2024,15:00,23:00,13
Craig David's TS5 Pool Party,9/17/2024,14:00,21:00,6
Kisstory,9/17/2024,13:00,22:00,11
PIV Ibiza,9/17/2024,19:00,5:30,18
Bubbles,9/17/2024,23:45,6:00,7
Closing Blanche Ibiza,9/17/2024,23:59,5:00,17
Oceanbeat Ibiza Boat Party,9/17/2024,14:30,17:30,4
Pukka Up Sunset Boat Party,9/17/2024,17:00,20:00,5
FISHER,9/18/2024,23:30,7:00,12
Paradise,9/18/2024,22:30,6:00,8
Saga,9/18/2024,23:59,6:00,9
Tomorrowland presents Dimitri Vegas & Like Mike,9/18/2024,17:00,23:00,13
One Night Stand Closing Party,9/18/2024,23:59,,2
Joel Corry Pool Party,9/18/2024,14:00,21:00,6
House In Paradise,9/18/2024,13:00,22:00,11
Fuego,9/18/2024,23:45,6:00,7
Toy Room,9/18/2024,23:59,5:00,17
Oceanbeat Ibiza Boat Party,9/18/2024,14:30,17:30,4
Pure Pacha,9/19/2024,23:59,6:00,9
Martin Garrix,9/19/2024,17:00,23:00,13
SHINE Ibiza,9/19/2024,23:59,,2
ON111,9/19/2024,13:00,22:00,11
Cosmic Pineapple,9/19/2024,19:00,5:00,18
House of Zeus,9/19/2024,23:45,6:00,7
Bâzâr by Sasson,9/19/2024,23:59,5:00,17
Oceanbeat Ibiza Boat Party,9/19/2024,14:30,17:30,4
Pukka Up Sunset Boat Party,9/19/2024,17:00,20:00,5
David Guetta & MORTEN present Future Rave,9/20/2024,23:30,7:00,12
Mathame present NEO,9/20/2024,23:00,,8
Music On,9/20/2024,23:59,7:00,9
Space at Eden,9/20/2024,23:59,,2
Ibiza Anthems Pool Party,9/20/2024,14:00,21:00,6
Pool Party | Cinomatic,9/20/2024,13:00,22:00,11
Pablo Fierro presents We're Here,9/20/2024,23:45,,3
Storytellers,9/20/2024,19:00,5:30,18
RUMORS,9/20/2024,18:00,,15
Vintage,9/20/2024,23:59,5:00,17
Children of the 80s,9/20/2024,19:00,23:59,19
Oceanbeat Ibiza Boat Party,9/20/2024,14:30,17:30,4
A Day In Paradise Boat Trip,9/20/2024,12:00,17:00,5
Black Coffee,9/21/2024,23:30,7:00,12
elrow Ibiza | Nowmads New World,9/21/2024,23:00,,8
Flower Power,9/21/2024,23:59,6:00,9
ANTS,9/21/2024,15:00,23:00,13
LoveJuice Pool Party,9/21/2024,14:00,21:00,6
Soul Heaven,9/21/2024,13:00,22:00,11
TRIP,9/21/2024,23:45,,3
Sacro by Mëstiza,9/21/2024,19:00,5:30,18
Fiesta del Agua,9/21/2024,23:45,6:00,7
Pandora,9/21/2024,23:59,5:00,17
Oceanbeat Ibiza Boat Party,9/21/2024,14:30,17:30,4
Pukka Up Afternoon Boat Party,9/21/2024,14:00,17:00,5
Glitterbox,9/22/2024,23:30,7:00,12
Pyramid,9/22/2024,23:00,,8
Solomun +1,9/22/2024,23:59,6:00,9
Armin van Buuren,9/22/2024,17:00,23:00,13
ABODE,9/22/2024,23:59,,2
Soundcloud Presents | Nothing But Trouble Takeover,9/22/2024,14:00,21:00,6
SIN Sundays,9/22/2024,13:00,22:00,11
Franky Wah presents SHÈN Ibiza,9/22/2024,23:45,6:00,3
Woomoon,9/22/2024,18:00,6:00,18
Palmarama,9/22/2024,18:00,,15
Closing Travieso,9/22/2024,23:59,5:00,17
Oceanbeat Ibiza Boat Party,9/22/2024,14:30,17:30,4
A Day In Paradise Boat Trip,9/22/2024,12:00,17:00,5
Amnesia Presents,9/23/2024,23:00,,8
David Guetta presents F*** ME I'M FAMOUS!,9/23/2024,17:00,23:00,13
Worried About Henry,9/23/2024,23:59,,2
Ibiza Rocks Pool Party,9/23/2024,14:00,21:00,6
D4 D4NCE,9/23/2024,13:00,22:00,11
La Troya,9/23/2024,23:45,,3
You Know The Vibes,9/23/2024,23:45,6:00,7
Oceanbeat Ibiza Boat Party,9/23/2024,14:30,17:30,4
The Martinez Brothers Closing Party,9/24/2024,23:30,7:00,12
The Kevin & Perry Experience,9/24/2024,23:00,,8
CAMELPHAT,9/24/2024,23:59,6:00,9
Defected,9/24/2024,15:00,23:00,13
Craig David's TS5 Closing Party,9/24/2024,14:00,21:00,6
Kisstory,9/24/2024,13:00,22:00,11
Bubbles,9/24/2024,23:45,6:00,7
Oceanbeat Ibiza Boat Party,9/24/2024,14:30,17:30,4
Pukka Up Sunset Boat Party,9/24/2024,17:00,20:00,5
FISHER,9/25/2024,23:30,7:00,12
Paradise,9/25/2024,22:30,6:00,8
Saga,9/25/2024,23:59,6:00,9
Tomorrowland presents Dimitri Vegas & Like Mike Closing Party,9/25/2024,17:00,23:00,13
Joel Corry Closing Party,9/25/2024,14:00,21:00,6
House In Paradise,9/25/2024,13:00,22:00,11
Fuego,9/25/2024,23:45,6:00,7
Toy Room,9/25/2024,23:59,5:00,17
Oceanbeat Ibiza Boat Party,9/25/2024,14:30,17:30,4
Pure Pacha,9/26/2024,23:59,6:00,9
Martin Garrix Closing Party,9/26/2024,17:00,23:00,13
SHINE Ibiza Closing Party,9/26/2024,23:59,,2
ON111,9/26/2024,13:00,22:00,11
House of Zeus Closing Party,9/26/2024,23:45,6:00,7
Bâzâr by Sasson,9/26/2024,23:59,5:00,17
Oceanbeat Ibiza Boat Party,9/26/2024,14:30,17:30,4
David Guetta & MORTEN present Future Rave,9/27/2024,23:30,7:00,12
Mathame present NEO Closing Party,9/27/2024,23:00,,8
Music On,9/27/2024,23:59,7:00,9
Space at Eden,9/27/2024,23:59,,2
Ibiza Anthems Closing Party,9/27/2024,14:00,21:00,6
Pool Party | Cinomatic,9/27/2024,13:00,22:00,11
Pablo Fierro presents We're Here,9/27/2024,23:45,,3
UTOPIC,9/27/2024,19:00,6:00,18
Puro Reggaeton Closing Party,9/27/2024,23:45,6:00,7
RUMORS,9/27/2024,18:00,,15
Vintage,9/27/2024,23:59,5:00,17
Children of the 80s,9/27/2024,19:00,23:59,19
Oceanbeat Ibiza Boat Party,9/27/2024,14:30,17:30,4
A Day In Paradise Boat Trip,9/27/2024,12:00,17:00,5
Black Coffee,9/28/2024,23:30,7:00,12
elrow Ibiza Closing Party | New Theme TBA,9/28/2024,23:00,,8
Flower Power,9/28/2024,23:59,6:00,9
ANTS,9/28/2024,15:00,23:00,13
Clubland,9/28/2024,23:59,,2
LoveJuice Closing Party,9/28/2024,14:00,21:00,6
Soul Heaven,9/28/2024,13:00,22:00,11
TRIP,9/28/2024,23:45,,3
Fiesta del Agua,9/28/2024,23:45,6:00,7
Pandora,9/28/2024,23:59,5:00,17
Oceanbeat Ibiza Boat Party,9/28/2024,14:30,17:30,4
Pukka Up Afternoon Boat Party,9/28/2024,14:00,17:00,5
Glitterbox,9/29/2024,23:30,7:00,12
Pyramid | Junction 2,9/29/2024,23:00,,8
Solomun +1,9/29/2024,23:59,6:00,9
Armin van Buuren,9/29/2024,17:00,23:00,13
ABODE Closing Party,9/29/2024,23:59,,2
Soundcloud Presents Pool Party,9/29/2024,14:00,21:00,6
Ibiza Spray,9/29/2024,13:00,23:00,11
Franky Wah presents SHÈN Ibiza Closing Party,9/29/2024,23:45,6:00,3
Woomoon,9/29/2024,18:00,6:00,18
Dance Africa,9/29/2024,23:45,6:00,7
Palmarama,9/29/2024,18:00,,15
Oceanbeat Ibiza Boat Party,9/29/2024,14:30,17:30,4
A Day In Paradise Boat Trip,9/29/2024,12:00,17:00,5
Amnesia Presents Closing Party,9/30/2024,23:00,,8
Diplo,9/30/2024,23:59,6:00,9
David Guetta presents F*** ME I'M FAMOUS!,9/30/2024,17:00,23:00,13
Worried About Henry Closing Party,9/30/2024,23:59,,2
D4 D4NCE Closing Party,9/30/2024,13:00,22:00,11
La Troya Closing Party,9/30/2024,23:45,,3
You Know The Vibes Closing Party,9/30/2024,23:45,6:00,7
Oceanbeat Ibiza Boat Party,9/30/2024,14:30,17:30,4
CAMELPHAT Closing Party,10/1/2024,23:59,6:00,9
Defected Closing Party,10/1/2024,15:00,23:00,13
Kisstory,10/1/2024,13:00,22:00,11
Oceanbeat Ibiza Boat Party,10/1/2024,14:30,17:30,4
FISHER Closing Party,10/2/2024,23:30,7:00,12
Paradise Closing Party,10/2/2024,21:00,6:00,8
Saga Closing Party,10/2/2024,23:59,6:00,9
House In Paradise Closing Party,10/2/2024,13:00,22:00,11
Closing Toy Room,10/2/2024,23:59,5:00,17
Oceanbeat Ibiza Boat Party,10/2/2024,14:30,17:30,4
Tale Of Us present Afterlife Closing Party | Night,10/3/2024,23:00,7:00,12
Pure Pacha Closing Party,10/3/2024,23:59,6:00,9
Tale Of Us present Afterlife Closing Party | Daytime,10/3/2024,16:00,23:00,13
ON111 Closing Party,10/3/2024,13:00,22:00,11
Sven Väth presents Catharsis Closing Party,10/3/2024,19:00,5:00,1
Do Not Sleep,10/3/2024,19:00,5:00,18
Closing Bâzâr by Sasson,10/3/2024,23:59,5:00,17
Oceanbeat Ibiza Boat Party,10/3/2024,14:30,17:30,4
David Guetta & MORTEN present Future Rave Closing Party,10/4/2024,23:30,7:00,12
Music On,10/4/2024,23:59,7:00,9
Space at Eden Closing Party,10/4/2024,23:59,,2
Ibiza Rocks Closing Party,10/4/2024,14:00,21:00,6
Pool Party | Cinomatic,10/4/2024,13:00,22:00,11
Pablo Fierro presents We're Here,10/4/2024,23:45,,3
GOZO,10/4/2024,19:00,5:30,18
RUMORS,10/4/2024,18:00,,15
Closing Vintage,10/4/2024,23:59,5:00,17
Children of the 80s Closing Party,10/4/2024,19:00,23:59,19
Oceanbeat Ibiza Boat Party,10/4/2024,14:30,17:30,4
Black Coffee Closing Party,10/5/2024,23:30,7:00,12
Flower Power Closing Party,10/5/2024,23:59,6:00,9
ANTS Closing Party,10/5/2024,15:00,23:00,13
Soul Heaven Closing Party,10/5/2024,13:00,22:00,11
TRIP,10/5/2024,23:45,,3
Sacro by Mëstiza,10/5/2024,19:00,5:30,18
Closing Pandora,10/5/2024,23:59,5:00,17
Oceanbeat Ibiza Boat Party,10/5/2024,14:30,17:30,4
Glitterbox Closing Party,10/6/2024,23:30,7:00,12
Pyramid Closing Party,10/6/2024,23:00,,8
Solomun +1 Closing Party,10/6/2024,23:59,6:00,9
Kinky Malinki,10/6/2024,13:00,22:00,11
Woomoon Closing Party,10/6/2024,18:00,6:00,18
Palmarama,10/6/2024,18:00,,15
Closing TBC,10/6/2024,23:59,5:00,17
Oceanbeat Ibiza Boat Party,10/6/2024,14:30,17:30,4
David Guetta presents F*** ME I'M FAMOUS! Closing Party,10/7/2024,17:00,23:00,13
You Know The Vibes | Extra Time,10/7/2024,23:45,6:00,7
Kisstory Closing Party,10/8/2024,13:00,22:00,11
Formentera With Benefits at Ibiza Boat Club,10/9/2024,10:30,21:00,4
Music On Closing Party | Part One,10/10/2024,23:59,7:00,9
Music On Closing Party | Part Two,10/11/2024,23:59,7:00,9
Pool Party Closing Party,10/11/2024,13:00,22:00,11
Pablo Fierro presents We're Here Closing Party,10/11/2024,23:45,,3
Hernán Cattáneo,10/11/2024,19:00,5:00,1
Formentera With Benefits at Ibiza Boat Club,10/11/2024,10:30,21:00,4
Hï Ibiza Closing Party 2024 curated by KEINEMUSIK,10/12/2024,23:00,,12
Boat Club,10/12/2024,13:00,22:00,11
Formentera With Benefits at Ibiza Boat Club,10/12/2024,10:30,21:00,4
Pacha's Grand Closing Party | Peggy Gou,10/13/2024,23:59,6:00,9
O Beach Closing Party,10/13/2024,13:00,22:00,11
Formentera With Benefits at Ibiza Boat Club,10/13/2024,10:30,21:00,4
You Know The Vibes | Extra Time,10/14/2024,23:45,6:00,7
Formentera With Benefits at Ibiza Boat Club,10/16/2024,10:30,21:00,4
TRIP,10/19/2024,23:45,,3
Formentera With Benefits at Ibiza Boat Club,10/19/2024,10:30,21:00,4
You Know The Vibes | Extra Time,10/21/2024,23:45,6:00,7
TRIP,10/26/2024,23:45,,3
You Know The Vibes | Extra Time,10/28/2024,23:45,6:00,7
